56.2372, 16.2707, 9.52707, 5.8054, 3.56184, 2.07932, 1.51832, 1.15451, 0.686268, 0.615313, 0.294181, 0.173114, 0.195312, 0.104586, 0.0589191, 0.0954616, 0.0932105, 0.050197, 0.0594279, 0.0457828, 0.00771741, 0.0153752, 0.0275342, 0.0397612, 0.0223963, 0.0296399, 0.0243061, 0.00570659, 0.00426573, 0.00134572, 0.00130837, 0.000550703, 0.00119796, 0.00251903, 0.00280004, 0.0091138, 0.0104801, 0.0159608, 0.0266188, 0.0575698, 0.039606, 0.00914254, 0.00349714, 0.000282736, 0.000630227, 0.000190841, 7.37285e-05, 0.000144983, 0, 6.25565e-05, 0, 0, 0, 0, 0, 0, 0, 0, 0, 0, 0, 0, 0, 0, 0, 0, 0, 0, 0, 0, 0, 0, 0, 0, 0, 0, 0, 0, 0, 0, 0, 0, 0, 0, 0, 0, 0, 0, 0, 0, 0, 0, 0, 0, 0, 0, 0, 0, 0, 0
42.6531, 40.4152, 25.0692, 18.9612, 12.6099, 8.02536, 5.54681, 3.31451, 2.15369, 1.3891, 1.23043, 0.754568, 0.617799, 0.552421, 0.399528, 0.345343, 0.185391, 0.47541, 0.212601, 0.135006, 0.127422, 0.0816819, 0.0702694, 0.105766, 0.142613, 0.0791946, 0.0555457, 0.035286, 0.0268092, 0.0234274, 0.00980557, 0.0105945, 0.0171322, 0.0133282, 0.0152183, 0.0161428, 0.0224522, 0.0338013, 0.0399963, 0.0561542, 0.0493212, 0.0152078, 0.00467297, 0.00577271, 0.00286343, 0.00129492, 0.0017018, 0.00113977, 0.000392969, 0.000503916, 0.000299377, 0, 0, 0, 0, 0, 0, 0, 0, 0, 0, 0, 0, 0, 0, 0, 0, 0, 0, 0, 0, 0, 0, 0, 0, 0, 0, 0, 0, 0, 0, 0, 0, 0, 0, 0, 0, 0, 0, 0, 0, 0, 0, 0, 0, 0, 0, 0, 0, 0
20.5465, 40.1202, 33.4243, 25.8981, 18.2665, 13.1626, 8.54449, 6.58158, 4.53546, 3.37196, 2.33552, 1.80472, 1.51013, 1.08279, 0.892032, 0.687703, 0.573891, 0.503613, 0.386067, 0.326585, 0.202226, 0.199051, 0.156396, 0.213679, 0.169475, 0.144427, 0.0940391, 0.0738788, 0.0898936, 0.0396051, 0.0311852, 0.0657512, 0.0466307, 0.0363574, 0.0318783, 0.0308579, 0.0371502, 0.0402502, 0.0400037, 0.0516962, 0.0324355, 0.0233015, 0.01051, 0.00949586, 0.00743895, 0.00223014, 0.000913774, 0.000863214, 0.000420178, 0.000117707, 0.000151072, 0, 0, 0.00014039, 0.000216188, 6.28059e-05, 0, 0, 0, 0, 0, 0, 0, 0, 0, 0, 0, 0, 0, 0, 0, 0, 0, 0, 0, 0, 0, 0, 0, 0, 0, 0, 0, 0, 0, 0, 0, 0, 0, 0, 0, 0, 0, 0, 0, 0, 0, 0, 0, 0
12.3364, 29.077, 30.7778, 29.1987, 22.8697, 16.3643, 12.8519, 9.0045, 6.53667, 4.85526, 3.57234, 3.31638, 2.09373, 1.68973, 1.37065, 1.19475, 0.84022, 0.613505, 0.565635, 0.477443, 0.392553, 0.338655, 0.282979, 0.338063, 0.255971, 0.177204, 0.15967, 0.147219, 0.158029, 0.0899308, 0.0778325, 0.0998566, 0.0694666, 0.0776525, 0.0841617, 0.0620277, 0.0667066, 0.0631183, 0.0570269, 0.0460966, 0.0358689, 0.025169, 0.0151935, 0.0134077, 0.00770735, 0.00304042, 0.00131551, 0.000996443, 0.000302778, 0.000341602, 0.000188812, 0.000115407, 1.65657e-05, 0.000257645, 0.00018879, 0, 0, 0, 0, 0, 0, 0, 0, 0, 0, 0, 0, 0, 0, 0, 0, 0, 0, 0, 0, 0, 0, 0, 0, 0, 0, 0, 0, 0, 0, 0, 0, 0, 0, 0, 0, 0, 0, 0, 0, 0, 0, 0, 0, 0
8.67473, 23.5264, 25.8226, 27.9301, 22.3603, 19.4309, 15.1013, 10.1486, 8.11345, 5.81721, 5.25951, 4.65641, 3.0005, 2.51572, 1.74086, 1.47742, 1.09629, 0.982837, 0.854685, 0.650639, 0.430117, 0.376319, 0.406449, 0.357758, 0.232939, 0.176839, 0.208672, 0.199056, 0.135, 0.126089, 0.11416, 0.128737, 0.103592, 0.0964338, 0.0961495, 0.0853686, 0.0770985, 0.0741321, 0.0602915, 0.0398209, 0.0402577, 0.0362644, 0.0178742, 0.0111563, 0.00663656, 0.00442269, 0.00172998, 0.000590165, 0.00116138, 0.00118511, 0.000423724, 0.000168885, 0.000362867, 0.000194711, 0.000326683, 0, 0, 0, 0, 0, 0, 0, 0, 0, 0, 0, 0, 0, 0, 0, 0, 0, 0, 0, 0, 0, 0, 0, 0, 0, 0, 0, 0, 0, 0, 0, 0, 0, 0, 0, 0, 0, 0, 0, 0, 0, 0, 0, 0, 0
6.3521, 16.8058, 21.214, 22.8544, 20.7215, 19.9408, 15.7029, 12.5918, 10.0749, 7.7379, 5.6505, 4.46708, 3.71694, 3.27228, 2.68223, 1.94992, 1.57322, 1.42477, 1.01424, 0.722321, 0.755019, 0.709947, 0.539551, 0.424922, 0.404488, 0.270074, 0.194397, 0.252736, 0.202962, 0.147733, 0.130298, 0.128714, 0.122287, 0.11593, 0.0960169, 0.0918314, 0.0769414, 0.0743825, 0.0501436, 0.0307642, 0.0297799, 0.0358693, 0.0204448, 0.0198679, 0.0109622, 0.00630123, 0.00226383, 0.00152518, 0.000909891, 0.00131586, 0.000368915, 0.000348184, 0.00078255, 0.00038361, 0.000221039, 1.02866e-05, 0, 0, 0, 0, 0, 0, 0, 0, 0, 0, 0, 0, 0, 0, 0, 0, 0, 0, 0, 0, 0, 0, 0, 0, 0, 0, 0, 0, 0, 0, 0, 0, 0, 0, 0, 0, 0, 0, 0, 0, 0, 0, 0, 0
5.1136, 11.4512, 16.3727, 19.0751, 17.9154, 15.5796, 14.119, 12.7232, 9.50153, 7.10897, 5.92465, 4.96936, 4.23609, 3.50586, 2.78338, 2.32204, 1.97626, 1.80267, 1.17392, 0.832694, 0.76854, 0.716515, 0.584488, 0.490906, 0.461137, 0.342632, 0.210629, 0.250856, 0.200213, 0.215691, 0.145116, 0.136119, 0.101441, 0.103215, 0.0899947, 0.112744, 0.0756203, 0.076955, 0.0362212, 0.031831, 0.0350551, 0.0302218, 0.0306122, 0.0192016, 0.0122991, 0.0078391, 0.00865187, 0.00267541, 0.00322855, 0.00197162, 0.000943671, 0.00121166, 0.000208861, 0.000400824, 0.000164817, 4.05353e-05, 4.28302e-05, 0, 0, 0, 0, 0, 0, 0, 0, 0, 0, 0, 0, 0, 0, 0, 0, 0, 0, 0, 0, 0, 0, 0, 0, 0, 0, 0, 0, 0, 0, 0, 0, 0, 0, 0, 0, 0, 0, 0, 0, 0, 0, 0
3.1623, 8.66196, 11.8047, 14.0673, 15.6642, 14.7163, 12.2689, 11.5944, 9.65752, 8.10399, 6.4688, 5.21203, 4.69206, 3.759, 3.21713, 2.54381, 1.9262, 1.78671, 1.1935, 0.910693, 0.782713, 0.904733, 0.693887, 0.589974, 0.407223, 0.376274, 0.333812, 0.358451, 0.225825, 0.230692, 0.166082, 0.142619, 0.102055, 0.0839134, 0.0886365, 0.0830411, 0.0897516, 0.0752283, 0.0457313, 0.0358577, 0.043978, 0.0328298, 0.0294968, 0.0229596, 0.0110046, 0.00994026, 0.00790432, 0.00594985, 0.00411475, 0.000916808, 0.000815892, 0.001295, 0.000779516, 0.0015433, 0.000270559, 3.88257e-05, 9.12504e-05, 0, 0, 0, 0, 0, 0, 0, 0, 0, 0, 0, 0, 0, 0, 0, 0, 0, 0, 0, 0, 0, 0, 0, 0, 0, 0, 0, 0, 0, 0, 0, 0, 0, 0, 0, 0, 0, 0, 0, 0, 0, 0, 0
2.11628, 6.39361, 8.32303, 10.8912, 12.8119, 12.1663, 11.8209, 10.4741, 9.12902, 6.81606, 5.64875, 5.28205, 4.14268, 3.8264, 2.70644, 2.36844, 1.84711, 1.49505, 1.4543, 1.18498, 0.969935, 0.663422, 0.678255, 0.539496, 0.372952, 0.383234, 0.36856, 0.353846, 0.301999, 0.204542, 0.177976, 0.147691, 0.150088, 0.0987397, 0.0804586, 0.0824794, 0.089906, 0.0835015, 0.0517678, 0.02926, 0.0241489, 0.0225692, 0.0167045, 0.0218683, 0.00794337, 0.00747715, 0.00860631, 0.00255995, 0.00555442, 0.00565403, 0.00240749, 0.00216418, 0.00181609, 0.00130799, 0.00191073, 0.000269369, 6.8927e-05, 0, 0, 0, 0, 0, 0, 0, 0, 0, 0, 0, 0, 0, 0, 0, 0, 0, 0, 0, 0, 0, 0, 0, 0, 0, 0, 0, 0, 0, 0, 0, 0, 0, 0, 0, 0, 0, 0, 0, 0, 0, 0, 0
1.56315, 4.13827, 6.72851, 9.16922, 9.62648, 9.59264, 9.78087, 8.67731, 6.60756, 5.53394, 5.75684, 4.40411, 3.88051, 3.36373, 2.56318, 2.47254, 2.00958, 1.59548, 1.40507, 1.2035, 0.950206, 0.818094, 0.698487, 0.521324, 0.428437, 0.384362, 0.338544, 0.286372, 0.225868, 0.17746, 0.176073, 0.119316, 0.0797235, 0.0904164, 0.0688222, 0.0969679, 0.0856616, 0.0546793, 0.046435, 0.0394773, 0.0226134, 0.0231817, 0.0187605, 0.016713, 0.0120549, 0.0125073, 0.00830883, 0.00375092, 0.00861637, 0.00766699, 0.00355238, 0.00247448, 0.000130219, 0.0012278, 0.000181174, 0.000247248, 8.21079e-05, 7.39116e-05, 0, 0, 0, 0, 0, 0, 0, 0, 0, 0, 0, 0, 0, 0, 0, 0, 0, 0, 0, 0, 0, 0, 0, 0, 0, 0, 0, 0, 0, 0, 0, 0, 0, 0, 0, 0, 0, 0, 0, 0, 0, 0
1.00767, 3.12278, 4.31346, 6.21181, 7.27918, 7.2983, 7.0329, 6.93382, 5.97643, 5.78775, 4.64355, 4.42463, 3.88899, 3.24211, 2.82363, 2.48042, 2.09597, 1.61568, 1.28469, 1.3352, 1.09633, 1.02201, 0.749803, 0.578856, 0.400437, 0.452551, 0.346979, 0.311861, 0.231657, 0.197326, 0.120955, 0.0948749, 0.0978427, 0.0878544, 0.100163, 0.0935141, 0.0739054, 0.0600901, 0.0424637, 0.0351782, 0.0293237, 0.0165738, 0.0285676, 0.0254248, 0.0135307, 0.0150316, 0.0111176, 0.00637625, 0.00651891, 0.00936812, 0.0062444, 0.00340137, 0.00122177, 9.56277e-05, 0.000399275, 0.000130662, 0, 4.00426e-05, 3.67288e-05, 0.00013327, 0.000219192, 0, 0, 0, 0, 0, 0, 0, 0, 0, 0, 0, 0, 0, 0, 0, 0, 0, 0, 0, 0, 0, 0, 0, 0, 0, 0, 0, 0, 0, 0, 0, 0, 0, 0, 0, 0, 0, 0, 0
0.905256, 2.7206, 3.38694, 4.27344, 5.22097, 6.33793, 5.80644, 5.72835, 4.86654, 4.76048, 3.86241, 3.81065, 3.73998, 3.15467, 2.50238, 2.08408, 1.61809, 1.47893, 1.43087, 1.19011, 0.928355, 0.900954, 0.693596, 0.606419, 0.483845, 0.395774, 0.386591, 0.315885, 0.253421, 0.203237, 0.16163, 0.114801, 0.107897, 0.0791894, 0.0755097, 0.0785254, 0.0862997, 0.060756, 0.0547479, 0.0480529, 0.0530643, 0.0285566, 0.0366471, 0.028439, 0.0164277, 0.0168663, 0.0143051, 0.0110681, 0.0050062, 0.00360948, 0.000631864, 0.00228252, 0.000474156, 0.000222236, 0.00162135, 0.000507893, 9.70302e-06, 0, 5.00105e-05, 7.73003e-05, 0.000250225, 0.00010069, 0.000174402, 0, 0, 0, 0, 0, 0, 0, 0, 0, 0, 0, 0, 0, 0, 0, 0, 0, 0, 0, 0, 0, 0, 0, 0, 0, 0, 0, 0, 0, 0, 0, 0, 0, 0, 0, 0, 0
0.763454, 1.87465, 2.71088, 3.51215, 4.37983, 5.07767, 4.17693, 4.56435, 4.19958, 3.72492, 3.18031, 3.20596, 2.65059, 2.36415, 1.97069, 1.68129, 1.38787, 1.16889, 1.22355, 1.08634, 0.967804, 0.822134, 0.745407, 0.610553, 0.421667, 0.357517, 0.383511, 0.291741, 0.247677, 0.193418, 0.17754, 0.159851, 0.109897, 0.085027, 0.0735184, 0.0883838, 0.0568421, 0.0535403, 0.0605689, 0.0543976, 0.0378002, 0.0294575, 0.0271885, 0.027602, 0.0157111, 0.0176464, 0.00797009, 0.00959824, 0.00586101, 0.00806733, 0.00495566, 0.00602786, 0.00292921, 0.00991947, 0.010565, 0.000219166, 6.75625e-05, 0, 0, 0, 0.000151089, 0.000183204, 3.5512e-05, 0.000119923, 3.64465e-05, 0, 0, 0, 0, 0, 0, 0, 0, 0, 0, 0, 0, 0, 0, 0, 0, 0, 0, 0, 0, 0, 0, 0, 0, 0, 0, 0, 0, 0, 0, 0, 0, 0, 0, 0
0.443108, 1.30946, 2.19168, 3.06114, 3.12928, 3.6641, 3.18742, 3.88819, 3.56724, 3.03359, 2.94795, 2.66074, 2.31993, 2.18478, 1.83186, 1.8192, 1.65661, 1.19063, 1.33845, 1.14628, 0.942408, 0.750273, 0.638059, 0.486823, 0.426341, 0.484328, 0.344531, 0.263589, 0.208832, 0.216048, 0.17245, 0.13199, 0.122204, 0.0662257, 0.0757257, 0.0688772, 0.0492949, 0.0639677, 0.0513612, 0.0457991, 0.0300245, 0.0456641, 0.0259039, 0.014872, 0.0244033, 0.0220162, 0.0300807, 0.0218488, 0.0116294, 0.00413578, 0.00865022, 0.00675483, 0.00832381, 0.00906965, 0.0214807, 0.00330336, 5.40226e-05, 0.0028381, 0.0100171, 8.96686e-06, 0.000131832, 0.000224367, 0, 0, 0.000185546, 1.25686e-05, 0, 0, 0, 0, 0, 0, 0, 0, 0, 0, 0, 0, 0, 0, 0, 0, 0, 0, 0, 0, 0, 0, 0, 0, 0, 0, 0, 0, 0, 0, 0, 0, 0, 0
0.434106, 1.06463, 2.1602, 2.1468, 2.66164, 2.84163, 2.50846, 2.90005, 3.03583, 2.60758, 2.26321, 2.37142, 2.21056, 2.0844, 1.79317, 1.39419, 1.15862, 1.16593, 1.14709, 0.876193, 0.70748, 0.571296, 0.520941, 0.488099, 0.478997, 0.398807, 0.290426, 0.267527, 0.208166, 0.180059, 0.184722, 0.124926, 0.135769, 0.0874069, 0.0753726, 0.0770823, 0.0598471, 0.0522357, 0.0418752, 0.0335448, 0.0384554, 0.0232567, 0.0184459, 0.00926673, 0.0382135, 0.0392579, 0.0347643, 0.0223478, 0.00898676, 0.00854153, 0.00939669, 0.00794603, 0.0108785, 0.00287573, 0.0202493, 0.00284602, 0.00189179, 0.00767154, 0.0150368, 0.00180412, 0, 4.24962e-05, 9.54783e-06, 0, 0, 0.00034902, 0, 0, 0, 0, 0, 0, 0, 0, 0, 0, 0, 0, 0, 0.000115621, 0.000313041, 0.000152511, 0, 0, 0, 0, 0, 0, 0, 0, 0, 0, 0, 0, 0, 0, 0, 0, 0, 0
0.267036, 0.538564, 1.1076, 1.88131, 2.21093, 2.04616, 2.04937, 2.17986, 2.8464, 2.05354, 2.04026, 2.03139, 1.80914, 1.34841, 1.31473, 1.19089, 0.833396, 1.07689, 0.925794, 0.714363, 0.548973, 0.534976, 0.434566, 0.446846, 0.4251, 0.381676, 0.284196, 0.250842, 0.21231, 0.210651, 0.178428, 0.147631, 0.130536, 0.105521, 0.125902, 0.0931288, 0.0952285, 0.0570315, 0.061432, 0.0516149, 0.0391145, 0.02431, 0.0219941, 0.0371312, 0.0309024, 0.044559, 0.0117561, 0.0063021, 0.00804739, 0.0073938, 0.00720032, 0.00669664, 0.00475281, 0.00312794, 0.00827776, 0.00827655, 0.0214802, 0.00520366, 0.0120896, 0.0124847, 4.84323e-05, 0, 7.28379e-05, 0, 5.45116e-05, 0.000473921, 0.000546342, 0.000128798, 0, 0, 0, 0, 0, 0, 0, 0, 0, 0, 0, 9.4464e-05, 0.000339485, 0.000193072, 4.85753e-05, 0, 0, 0, 0, 0, 0, 0, 0, 0, 0, 0, 0, 0, 0, 0, 0, 0
0.161208, 0.557107, 1.04401, 1.7876, 1.45585, 1.60198, 1.58183, 1.74269, 2.12327, 1.81934, 1.69279, 1.69629, 1.38552, 1.11314, 0.975724, 0.885356, 0.742149, 0.971028, 0.765037, 0.564269, 0.537997, 0.415345, 0.414646, 0.418946, 0.419963, 0.348352, 0.33381, 0.268083, 0.226569, 0.174376, 0.184342, 0.125411, 0.114545, 0.114844, 0.0980147, 0.122872, 0.135044, 0.0807461, 0.0764257, 0.0589279, 0.046861, 0.0416431, 0.0401465, 0.0285372, 0.0359235, 0.0234356, 0.0294884, 0.0167586, 0.0081454, 0.0139282, 0.00704326, 0.0137634, 0.00401696, 0.00507686, 0.00368134, 0.0101522, 0.0187871, 0.0075243, 0.0353028, 0.00836518, 0, 2.14744e-05, 6.49163e-05, 0, 0, 0.00188776, 0.00216902, 0.000542017, 0.000187073, 0.000235732, 3.81272e-05, 0, 0, 0, 0, 0, 0, 0, 0, 0.000205614, 0.000105816, 0.000108994, 0, 0.00351241, 0.00129977, 0.0022252, 0, 0, 0, 0, 0, 0, 0, 0, 0, 0, 0, 0, 0, 0
0.133722, 0.266719, 0.569331, 0.968765, 1.38401, 1.26012, 1.2598, 1.25739, 1.29523, 1.60933, 1.35041, 1.18717, 0.930137, 0.983366, 0.83446, 0.725064, 0.649536, 0.694817, 0.678064, 0.618892, 0.459009, 0.425503, 0.342743, 0.380203, 0.328864, 0.317516, 0.208784, 0.205494, 0.215059, 0.193877, 0.223008, 0.147701, 0.141386, 0.129501, 0.108818, 0.113336, 0.121991, 0.10772, 0.0949217, 0.0488575, 0.037589, 0.0537321, 0.0566893, 0.0295174, 0.0415802, 0.0343927, 0.041848, 0.0206412, 0.0231514, 0.0250084, 0.0128098, 0.0149641, 0.00337503, 0.00835846, 0.00902263, 0.00741771, 0.0143585, 0.0173162, 0.0116122, 0.00035919, 0.00101848, 0.00211686, 8.22467e-05, 0, 0.000459058, 0.000480225, 0.000551217, 0.000634803, 0.000395544, 0.000239503, 0.00019767, 0.000574174, 0.000223322, 0, 0, 0, 0, 0, 0, 0.00011701, 0.000214341, 0.000190516, 0, 0.00207426, 0.000879062, 0.00277102, 0, 0, 0, 0, 0, 0, 0, 0, 0, 0, 0, 0, 0, 0
0.0837126, 0.27273, 0.487906, 0.703359, 0.819749, 1.01962, 0.963346, 0.935265, 1.0248, 0.896285, 1.15969, 0.900556, 0.753438, 0.722187, 0.545128, 0.499041, 0.717356, 0.695678, 0.608565, 0.492308, 0.40872, 0.483492, 0.393043, 0.369316, 0.342404, 0.276252, 0.25853, 0.263197, 0.229374, 0.238883, 0.201282, 0.151951, 0.143245, 0.190978, 0.142394, 0.184092, 0.129792, 0.107123, 0.097984, 0.0617787, 0.0411065, 0.0532516, 0.0441603, 0.043461, 0.051709, 0.0560659, 0.0318491, 0.0285544, 0.0166625, 0.013037, 0.0209416, 0.0172342, 0.0071315, 0.00631748, 0.00599779, 0.0172437, 0.0108828, 0.0192401, 0.0370758, 0.0343746, 0.0104351, 0.00377462, 0, 0, 0.00448072, 0.00412144, 0.00467358, 0.000369405, 0.000993155, 0.00162743, 0.00119591, 0.000873185, 0.000701629, 0, 0, 0, 0, 0.00141373, 0.000875754, 0, 0.000103124, 7.48444e-05, 0, 0.00168361, 0.00443321, 0.00183505, 0, 0, 0, 0, 0, 0, 0, 0, 0, 0, 0, 0, 0, 0
0.0661957, 0.213896, 0.350068, 0.474754, 0.60447, 0.582021, 0.67156, 0.62146, 0.525238, 0.57934, 0.617484, 0.659017, 0.629922, 0.432622, 0.404067, 0.374922, 0.459809, 0.377354, 0.500279, 0.286263, 0.361249, 0.369595, 0.31643, 0.295659, 0.308017, 0.178577, 0.215856, 0.187981, 0.189479, 0.185401, 0.231432, 0.162538, 0.140425, 0.142944, 0.188008, 0.173428, 0.204234, 0.15592, 0.0902055, 0.0900815, 0.0649248, 0.0389835, 0.0454288, 0.0577597, 0.05839, 0.018499, 0.0252719, 0.0428548, 0.0316352, 0.0435454, 0.0182165, 0.0125416, 0.00634455, 0.0129778, 0.0173809, 0.0274462, 0.0173377, 0.0196298, 0.0102577, 0.0136257, 0.00581799, 4.69818e-05, 0.000372494, 0.000353287, 0.00234444, 0.00243699, 0.000402487, 0.00164054, 0.00365424, 0.00081117, 0.00107665, 0.000234234, 4.61179e-05, 0, 0, 6.61056e-05, 0.000871501, 0.000685959, 0.0032833, 0.00217402, 9.59862e-05, 8.64775e-05, 0, 0, 0.00857563, 0.00766728, 0.0031619, 0, 0, 0, 0, 0, 0, 0, 0, 0, 0, 0, 0, 0
0.00871163, 0.0119898, 0.0278181, 0.0393225, 0.020469, 0.0200017, 0.056791, 0.0164575, 0.0341495, 0.0447356, 0.0369138, 0.0202629, 0.0273035, 0.0250475, 0.0287419, 0.031279, 0.026853, 0.0280103, 0.0407079, 0.0178953, 0.0338132, 0.0259784, 0.0234727, 0.0372164, 0.0203536, 0.0116314, 0.0164078, 0.00915773, 0.0147598, 0.00963015, 0.00724879, 0.013644, 0.00705076, 0.00460589, 0.00946265, 0.0123984, 0.00672024, 0.0151824, 0.00603967, 0.0190857, 0.0113936, 0.00270517, 0.00607208, 0.0113394, 0.00096058, 0.00101404, 0.00200862, 0.000845868, 0.000443988, 0.000163073, 0.00123445, 0.000997959, 0.000361184, 0.00239594, 0.00414649, 3.67779e-06, 2.66154e-05, 0, 0.000739428, 0, 0, 0.00125186, 0.000581818, 0, 0, 0.000193282, 0, 0, 0, 0, 0.00042519, 0, 0, 0, 0.000327256, 0, 0, 0, 0, 0, 0, 0, 0, 0, 0, 0, 0.00100497, 0, 0, 0, 0, 0, 0, 0, 0, 0, 0, 0, 0, 0
0.00216744, 0.00769819, 0.0157122, 0.0238845, 0.0368863, 0.0341243, 0.0383764, 0.0558397, 0.0443367, 0.0207231, 0.0305878, 0.0290075, 0.0273912, 0.0470662, 0.0435305, 0.0156792, 0.0316117, 0.03055, 0.0260511, 0.0353111, 0.0270143, 0.027025, 0.0290726, 0.0357554, 0.00997703, 0.0109306, 0.0295913, 0.0158799, 0.0160426, 0.0119659, 0.0190564, 0.0116596, 0.0113234, 0.00888371, 0.0194256, 0.0126056, 0.015379, 0.0160293, 0.00722576, 0.0293762, 0.00841123, 0.013667, 0.00349866, 0.00221972, 0.00142875, 0.00259306, 0.00174596, 0.00113459, 0.000803541, 0.00299942, 0.00064135, 0.00715081, 0.00198524, 0.000242341, 0.00277855, 0, 0.00204656, 0.00163037, 0.000104101, 0.000185901, 0, 0, 0.000411829, 4.75938e-05, 0, 2.59805e-05, 0, 0.000113052, 0, 0, 5.71978e-05, 0, 0, 0, 0, 0, 0.00124452, 0, 0, 0, 0, 1.93475e-05, 0, 0.000597812, 0, 0, 0, 0, 0, 0, 0, 0, 0, 0, 0, 0, 0, 0, 0, 0
0.00540179, 0.0122187, 0.0121909, 0.0198094, 0.019993, 0.00688086, 0.0338786, 0.0275276, 0.0287453, 0.0499055, 0.0199453, 0.041894, 0.0387383, 0.0295497, 0.0328277, 0.0325765, 0.0261794, 0.0259706, 0.0340661, 0.0391174, 0.0168127, 0.0215623, 0.0283247, 0.0200877, 0.0170964, 0.0178472, 0.00899613, 0.0135585, 0.00898357, 0.0144788, 0.0102697, 0.0142223, 0.00863001, 0.0107054, 0.00854777, 0.019978, 0.0249377, 0.0126153, 0.0368479, 0.0179193, 0.013877, 0.0083222, 0.00617222, 0.00359029, 0.00384542, 0.00259889, 0.00116686, 0.00298392, 0.00241694, 0.000683669, 0.000390183, 0.000406261, 0.00185775, 0.000252565, 0.00490715, 0.000871882, 0.0028298, 0.000181166, 0, 0.000419438, 0.000166258, 5.95364e-05, 4.80697e-05, 0, 0, 0, 0, 0, 0, 0.00126328, 0, 0, 0, 0, 0, 0, 0, 0, 0, 0, 0, 0, 0, 0, 0, 0.00101502, 0, 0, 0, 0, 0, 0, 0, 0, 0, 0, 0, 0, 0, 0
0.00282281, 0.016596, 0.02042, 0.0206347, 0.0148775, 0.0146233, 0.0211822, 0.0154078, 0.0456233, 0.0222355, 0.0231124, 0.0396441, 0.0304992, 0.044219, 0.0277389, 0.0171321, 0.0343554, 0.0233375, 0.025393, 0.0221061, 0.0221846, 0.0265304, 0.0198408, 0.0269676, 0.0138253, 0.0267231, 0.0216625, 0.0121162, 0.015042, 0.0199117, 0.00857942, 0.0147151, 0.00911395, 0.0110073, 0.00931093, 0.0194553, 0.0147936, 0.0148647, 0.00932378, 0.0133496, 0.0261103, 0.0117124, 0.00573239, 0.0026363, 0.0040638, 0.00118022, 0.00266886, 0.00262102, 0.000771816, 0.000486567, 0.00100881, 0.000140961, 0.00351925, 0.000443683, 0.00527496, 0.00348232, 0, 0.00391414, 0.00132465, 0, 4.94296e-05, 0.00064286, 0.00170427, 0.00160249, 0.00153976, 0.000778418, 0.000677199, 2.85055e-05, 0, 0, 0, 0, 0, 0, 0, 0, 0, 0, 0, 0, 1.7987e-05, 0.000429442, 0.000377873, 4.5136e-05, 0, 0, 0, 0, 0, 0, 0, 0, 0, 0, 0, 0, 0, 0, 0, 0
0.0325002, 0.0724124, 0.0900889, 0.120487, 0.165575, 0.178859, 0.23383, 0.221043, 0.252244, 0.322285, 0.259213, 0.245907, 0.212652, 0.35084, 0.321172, 0.213856, 0.181668, 0.234391, 0.248653, 0.226653, 0.209368, 0.190925, 0.186075, 0.155527, 0.141133, 0.115393, 0.139583, 0.129572, 0.114791, 0.122264, 0.0946695, 0.10294, 0.0939357, 0.0913864, 0.0753175, 0.104717, 0.0997907, 0.121597, 0.149561, 0.134913, 0.135219, 0.112304, 0.0715036, 0.0470345, 0.0294499, 0.0229028, 0.0262134, 0.0102126, 0.0106187, 0.0071774, 0.0127082, 0.00735795, 0.0395803, 0.0185216, 0.00613787, 0.00824543, 0.0089899, 0.00830014, 0.0016916, 0.000500211, 0.00490529, 0.00163349, 0.00096982, 0.00103501, 0.00528119, 0.0045764, 0.00569164, 1.93551e-05, 0.000480635, 0.0004526, 0.000555999, 0.00170223, 0.00303942, 0.000178794, 0.000102731, 0.000638393, 0.000533738, 0, 0, 0, 5.68845e-05, 0.000996838, 0.00128333, 0.000100156, 0.00155781, 0.00735909, 0.00241268, 0, 0, 0, 0, 0, 0, 0, 0, 0, 0, 0, 0, 0
0.01808, 0.063503, 0.123704, 0.159379, 0.221745, 0.212625, 0.246303, 0.257908, 0.300291, 0.389133, 0.355438, 0.273268, 0.294773, 0.340653, 0.301082, 0.236129, 0.209257, 0.218177, 0.318685, 0.256798, 0.255396, 0.20648, 0.160327, 0.143103, 0.11872, 0.135833, 0.165722, 0.146377, 0.130216, 0.126208, 0.12135, 0.104807, 0.100992, 0.129878, 0.101894, 0.157641, 0.128731, 0.150008, 0.148566, 0.13873, 0.152814, 0.0931496, 0.0712288, 0.0421826, 0.0396356, 0.0278385, 0.0216193, 0.0125165, 0.0139066, 0.00637021, 0.00740536, 0.00448511, 0.0176923, 0.0257582, 0.0204986, 0.0098734, 0.0252279, 0.00630106, 0.0016093, 0.0016316, 0.000663576, 0.000452561, 0.00033932, 0.000378068, 0.000312691, 0.000137744, 0.000777498, 0.00173583, 0.00316154, 0.00299168, 0.0036757, 0.00561164, 0.00635197, 0.00110113, 0.000630449, 0.00023406, 0.00104013, 0.000526321, 0.000507178, 0.00118723, 0.000530556, 0.000857098, 0.00198224, 0.000180998, 2.04892e-05, 0, 0.00516401, 0.000813936, 0, 0, 0, 0, 0, 0, 0, 0, 0, 0, 0, 0
0.0366875, 0.0576003, 0.1026, 0.128396, 0.224865, 0.206507, 0.215761, 0.252814, 0.262032, 0.295276, 0.277493, 0.267816, 0.306297, 0.280184, 0.226501, 0.191811, 0.177599, 0.21555, 0.263958, 0.251266, 0.192071, 0.168406, 0.180938, 0.13044, 0.076875, 0.117391, 0.108272, 0.115741, 0.114905, 0.109288, 0.101626, 0.0732887, 0.0985781, 0.0940757, 0.0960626, 0.095278, 0.0861361, 0.128371, 0.15828, 0.147259, 0.100456, 0.0700666, 0.0531739, 0.0369572, 0.0261257, 0.0186197, 0.0198877, 0.0134408, 0.0145195, 0.0156917, 0.00736683, 0.00734872, 0.00881252, 0.0126327, 0.00306073, 0.00368032, 0.00408005, 0.00650114, 0.00386516, 0.00279511, 0.000183044, 0.000213238, 0.000360205, 0.000180327, 0.000224052, 5.9042e-05, 0.00434802, 0.00622821, 0.00234706, 0.00197371, 0.00247477, 0.00198424, 0, 0, 0.000542693, 0.000648455, 0, 0, 0.00295865, 0.00328024, 0.00134274, 0.000509639, 0.000492683, 4.25319e-05, 3.74863e-05, 0, 0, 0, 0, 0, 0, 0, 0, 0, 0, 0, 0, 0, 0, 0
0.0368469, 0.0683676, 0.130452, 0.131647, 0.165968, 0.14099, 0.161545, 0.150359, 0.127704, 0.269859, 0.270282, 0.218761, 0.152326, 0.231359, 0.201904, 0.138853, 0.162098, 0.196527, 0.230193, 0.196, 0.150508, 0.169604, 0.151565, 0.130109, 0.0850712, 0.0960831, 0.0927975, 0.125619, 0.089788, 0.0856603, 0.0761639, 0.104682, 0.108156, 0.118239, 0.100085, 0.090634, 0.0997951, 0.139323, 0.0982121, 0.0731909, 0.0708363, 0.0692258, 0.0626545, 0.0211614, 0.0227187, 0.0148149, 0.0179948, 0.0258831, 0.0118126, 0.022046, 0.0124796, 0.0124081, 0.0228447, 0.00732673, 0.00618924, 0.00639023, 0.00633557, 0.00762512, 0.00513491, 0.00212034, 0.000217842, 0, 0.000188321, 0.000371391, 7.32387e-05, 0, 2.51177e-05, 2.11833e-05, 5.26962e-05, 0.000316487, 0.000503548, 0, 0, 0.000594178, 0.000973364, 0.00142284, 0.000269564, 0, 0, 0.000285475, 0.00070114, 8.54747e-05, 3.47755e-05, 6.21144e-05, 0, 0, 0, 0, 0, 0, 0, 0, 0, 0, 0, 0, 0, 0, 0, 0
0.0304435, 0.0583426, 0.0917752, 0.0811373, 0.10427, 0.150798, 0.100263, 0.0987711, 0.108807, 0.125173, 0.176462, 0.151706, 0.177009, 0.170842, 0.169579, 0.146509, 0.125866, 0.175426, 0.150082, 0.142639, 0.107643, 0.120546, 0.11918, 0.0978938, 0.0803949, 0.083946, 0.129976, 0.105681, 0.0988483, 0.0663025, 0.074242, 0.0892456, 0.113034, 0.106776, 0.0707091, 0.0710862, 0.0877377, 0.0848353, 0.0560684, 0.0569081, 0.0840659, 0.0812075, 0.0558994, 0.035095, 0.0210001, 0.011418, 0.0239483, 0.0263169, 0.0257475, 0.0144251, 0.0118542, 0.0180097, 0.00889353, 0.0020977, 0.00515508, 0.00653748, 0.00406046, 0.00305043, 0.000734015, 0.000442567, 2.44382e-05, 0, 1.34247e-05, 0, 4.31937e-05, 0.000107827, 9.02059e-05, 4.93772e-05, 0, 0, 0, 0, 0.000619961, 0.0016189, 0.00273916, 0.000815657, 4.49272e-05, 0, 0, 0, 0, 0, 9.80284e-05, 4.34775e-05, 0, 0, 0, 0, 0, 0, 0, 0, 0, 0, 0, 0, 0, 0, 0, 0
0.0132105, 0.0578961, 0.0663794, 0.0808539, 0.0853896, 0.102167, 0.118759, 0.0989665, 0.0883284, 0.0776097, 0.0954248, 0.104422, 0.133845, 0.138386, 0.103431, 0.127822, 0.114905, 0.123116, 0.119841, 0.108176, 0.111113, 0.109062, 0.0892129, 0.0904908, 0.069629, 0.107512, 0.11, 0.0908476, 0.0811082, 0.0611837, 0.0861357, 0.0816394, 0.109293, 0.0741364, 0.0601384, 0.0493349, 0.0528978, 0.0513564, 0.0532591, 0.0789455, 0.0625285, 0.057151, 0.0356332, 0.0295847, 0.0198683, 0.0133228, 0.0100098, 0.0141107, 0.0151708, 0.00726043, 0.0107416, 0.00991176, 0.0055226, 0.00523614, 0.00445605, 0.00787658, 0.00462534, 0.00412197, 0.00127682, 0.000426109, 1.79635e-05, 4.60508e-06, 8.38211e-06, 1.03477e-05, 3.57286e-05, 2.38314e-06, 6.76036e-05, 2.19328e-05, 0, 0, 0, 0, 0.00151616, 0.000791573, 0.00168185, 0.00269368, 0.000181198, 0, 0, 0, 0, 0, 0, 0, 0, 0, 0, 0, 0, 0, 0, 0, 0, 0, 0, 0, 0, 0, 0, 0
0.0145584, 0.0343163, 0.0558445, 0.0641543, 0.0849804, 0.103105, 0.123846, 0.090354, 0.0966114, 0.0677125, 0.0678811, 0.078879, 0.086104, 0.0980058, 0.124831, 0.0985684, 0.100332, 0.117267, 0.116993, 0.101936, 0.0950484, 0.069129, 0.0990025, 0.0882241, 0.0687544, 0.0972114, 0.0873605, 0.0715749, 0.0544615, 0.0720006, 0.0824411, 0.0497422, 0.0956946, 0.0632893, 0.0729441, 0.0562956, 0.0458602, 0.0403861, 0.0447266, 0.0315594, 0.040479, 0.0460501, 0.0330193, 0.0314774, 0.0202409, 0.0161507, 0.00848803, 0.0133354, 0.012603, 0.00579821, 0.00703605, 0.00395762, 0.00299563, 0.00546561, 0.00753755, 0.00776044, 0.00351031, 0.00177856, 0.00196696, 0.000556719, 5.55466e-05, 4.17584e-05, 5.83638e-06, 6.8598e-05, 0.000119486, 5.51653e-05, 3.16043e-05, 8.02024e-06, 0, 0, 0, 0, 0, 0, 0.000430008, 0.00220443, 0, 0, 0, 0, 0, 0, 0, 0, 0, 0, 0, 0, 0, 0, 0, 0, 0, 0, 0, 0, 0, 0, 0, 0
0.00998011, 0.0311565, 0.0425149, 0.0559079, 0.0471767, 0.0951919, 0.0860201, 0.0698054, 0.112083, 0.0662329, 0.0727424, 0.0740158, 0.0817528, 0.0676591, 0.0876881, 0.0794932, 0.134687, 0.112963, 0.089387, 0.078626, 0.0846204, 0.0899896, 0.0875709, 0.0896443, 0.0687266, 0.0925171, 0.0906019, 0.0655364, 0.0638962, 0.0775324, 0.0646314, 0.0537845, 0.0605624, 0.0513938, 0.0695677, 0.0385563, 0.0385691, 0.0396217, 0.033692, 0.0431745, 0.033026, 0.0366709, 0.0279979, 0.0345504, 0.0192574, 0.0143714, 0.0167189, 0.00613911, 0.0117162, 0.00720069, 0.0103486, 0.00320463, 0.00225759, 0.00333723, 0.0079079, 0.0061725, 0.00475964, 0.00323481, 0.00280184, 0.000182906, 4.85359e-06, 0.000127772, 6.8535e-06, 5.71892e-05, 9.32294e-05, 4.43771e-05, 0, 0, 0, 0, 0, 0, 0, 0, 0, 0, 0, 0, 0, 0, 0, 0, 0, 0, 0, 0, 0, 0, 0, 0, 0, 0, 0, 0, 0, 0, 0, 0, 0, 0
0.000784644, 0.00414606, 0.00322066, 0.00484633, 0.00281931, 0.00886407, 0.00994469, 0.0143398, 0.017889, 0.013779, 0.00946872, 0.012278, 0.0143085, 0.0108012, 0.00971822, 0.0201382, 0.0272607, 0.0225969, 0.015748, 0.0154757, 0.011008, 0.0183555, 0.0203023, 0.020427, 0.0207588, 0.0207733, 0.0184255, 0.0162112, 0.0131556, 0.016628, 0.00922533, 0.00746812, 0.008976, 0.0102108, 0.00885385, 0.00740365, 0.00744534, 0.00433453, 0.00555552, 0.00782227, 0.00725146, 0.00315192, 0.00450931, 0.00354555, 0.00200604, 0.00156166, 0.00338111, 0.00322884, 0.00254431, 0.00194477, 0.00137761, 0.000617099, 0.000312408, 0.000340803, 0.000465002, 0.00112044, 0.00179391, 0.0008273, 0.000405335, 0.000154764, 6.87077e-06, 6.37548e-05, 3.1534e-05, 1.2625e-05, 2.12115e-05, 3.21621e-05, 3.1876e-05, 0, 0, 0, 0, 0, 0, 0, 0, 0, 0, 0, 0, 0, 0, 0, 0, 0, 0, 0, 0, 0, 0, 0, 0, 0, 0, 0, 0, 0, 0, 0, 0, 0
0.00224263, 0.0032201, 0.0014315, 0.00157934, 0.00692097, 0.00414408, 0.00686132, 0.0104294, 0.0077002, 0.00568578, 0.00433289, 0.0104422, 0.0160853, 0.0130915, 0.0123524, 0.016424, 0.0232077, 0.0163109, 0.00894832, 0.0150509, 0.0138307, 0.010524, 0.0134653, 0.0132445, 0.0159745, 0.0176605, 0.0168616, 0.0136317, 0.00986329, 0.00791125, 0.00464355, 0.0075294, 0.00613711, 0.00785256, 0.00709837, 0.00797063, 0.00554574, 0.00516992, 0.00544616, 0.0062427, 0.00457027, 0.00660309, 0.00575677, 0.0032811, 0.00220055, 0.00152598, 0.00231133, 0.000805873, 0.00212727, 0.00122481, 0.00229206, 0.00212754, 0.000238289, 0.00019235, 0.000177365, 7.10045e-05, 0.000679382, 0.000139348, 5.32824e-05, 1.41658e-06, 0, 2.6967e-05, 5.32914e-05, 1.71393e-05, 1.15732e-05, 1.41821e-05, 7.05029e-06, 0, 0, 0, 0, 0, 0, 0, 0, 0, 0, 0, 0, 0, 0, 0, 0, 0, 0, 0, 0, 0, 0, 0, 0, 0, 0, 0, 0, 0, 0, 0, 0, 0
0.00297626, 0.00498101, 0.000743097, 0.00569547, 0.00427103, 0.00454416, 0.00329002, 0.00281683, 0.00216922, 0.00296416, 0.0047509, 0.00516464, 0.00871198, 0.0104314, 0.0129514, 0.0126666, 0.00862837, 0.0113682, 0.0089819, 0.0115726, 0.00877995, 0.0137579, 0.00574276, 0.0069629, 0.0179717, 0.0109552, 0.0117483, 0.0113221, 0.00935972, 0.00510714, 0.0069979, 0.00554388, 0.00518584, 0.00600628, 0.0077899, 0.00824827, 0.00987482, 0.0128724, 0.00686637, 0.0057109, 0.00353959, 0.00787569, 0.00424343, 0.00621376, 0.00710706, 0.00588079, 0.00153411, 0.00152997, 0.00282713, 0.00107273, 0.000772724, 0.00240159, 0.00100485, 0.00012629, 4.44778e-05, 2.18453e-05, 3.05966e-06, 8.36573e-05, 5.34649e-05, 7.75016e-05, 2.3158e-05, 8.99258e-05, 1.65961e-05, 8.78302e-06, 1.8424e-05, 3.87978e-05, 0, 0, 0, 0, 0, 0, 0, 0, 0, 0, 0, 0, 0, 0, 0, 0, 0, 0, 0, 0, 0, 0, 0, 0, 0, 0, 0, 0, 0, 0, 0, 0, 0, 0
0.00124188, 0.000833254, 0.0015106, 0.0044, 0.00332633, 0.00446936, 0.00426485, 0.00262534, 0.00179891, 0.0028663, 0.00432189, 0.00449843, 0.0053768, 0.00933364, 0.0089195, 0.00882143, 0.00349777, 0.00353831, 0.00836836, 0.00748429, 0.011477, 0.00971509, 0.00442459, 0.0025866, 0.00350684, 0.0105265, 0.00873956, 0.00917946, 0.00970046, 0.00803775, 0.00580419, 0.00543653, 0.00818045, 0.00417732, 0.00887977, 0.0145159, 0.0144534, 0.011904, 0.00908712, 0.00766335, 0.00170457, 0.00140244, 0.00295121, 0.00343965, 0.0105735, 0.00553439, 0.00305175, 0.00126438, 0.0024034, 0.00046065, 0.000349979, 0.00049166, 0.0002458, 9.19864e-05, 0, 0, 0, 2.34225e-05, 0.00015331, 7.00772e-05, 2.60243e-05, 0.000102814, 2.63099e-05, 2.81998e-05, 4.60821e-05, 9.97539e-05, 1.19267e-05, 0, 0, 0, 0, 0, 0, 0, 0, 0, 0, 0, 0, 0, 0, 0, 0, 0, 0, 0, 0, 0, 0, 0, 0, 0, 0, 0, 0, 0, 0, 0, 0, 0
0.00321207, 0.000741455, 0.00244196, 0.00272958, 0.00387838, 0.00635084, 0.00275974, 0.0014851, 0.00139103, 0.00221795, 0.00319479, 0.0063508, 0.00610362, 0.00411949, 0.0054314, 0.00443538, 0.00619272, 0.00655232, 0.00308155, 0.00506154, 0.00786639, 0.0064691, 0.00736876, 0.00756109, 0.00612834, 0.010516, 0.00848112, 0.00829645, 0.0126861, 0.0118908, 0.00551439, 0.00418874, 0.00487983, 0.00328754, 0.00706613, 0.0119291, 0.0100426, 0.00782665, 0.00378111, 0.00321821, 0.00193177, 0.00157609, 0.00254255, 0.00537894, 0.00935792, 0.0031993, 0.00297961, 0.00208653, 0.00247201, 0.00135226, 5.18701e-05, 8.77527e-05, 0.000267247, 1.06535e-05, 0, 0, 0, 0, 3.06334e-05, 7.49062e-05, 3.26399e-05, 0.000150543, 8.54018e-05, 3.37489e-05, 8.00737e-06, 4.1495e-05, 1.55451e-05, 0, 0, 0, 0, 0, 0, 0, 0, 0, 0, 0, 0, 0, 0, 0, 0, 0, 0, 0, 0, 0, 0, 0, 0, 0, 0, 0, 0, 0, 0, 0, 0, 0
0.00381752, 0.00265328, 0.00223903, 0.00798139, 0.0105844, 0.0061168, 0.00216496, 0.00146904, 0.00415029, 0.00232991, 0.00206106, 0.00168338, 0.00462365, 0.00198851, 0.00822194, 0.0052878, 0.00555097, 0.00902069, 0.00214716, 0.00359735, 0.00620098, 0.00652914, 0.00671627, 0.0063445, 0.0103122, 0.0107538, 0.0106476, 0.00580292, 0.00572179, 0.0084822, 0.00747676, 0.00774034, 0.0048803, 0.00419592, 0.00419229, 0.0041199, 0.00331656, 0.00388588, 0.00363219, 0.00200654, 0.00237466, 0.0028873, 0.00455747, 0.00729626, 0.0054867, 0.00190535, 0.00110732, 0.000275956, 0.000350764, 0.00253949, 0.000105483, 1.59252e-05, 7.14927e-06, 1.34413e-06, 0, 0, 0, 0, 0, 0, 1.84629e-06, 3.28681e-05, 2.9562e-05, 0, 3.33966e-06, 8.05707e-06, 0, 0, 0, 0, 0, 0, 0, 0, 0, 0, 0, 0, 0, 0, 0, 0, 0, 0, 0, 0, 0, 0, 0, 0, 0, 0, 0, 0, 0, 0, 0, 0, 0, 0
0.00274508, 0.00243053, 0.000928583, 0.00504683, 0.00543268, 0.00190693, 0.00191122, 0.00461882, 0.00204238, 0.0020036, 0.00245932, 0.00359251, 0.00292535, 0.00175309, 0.00428432, 0.00709146, 0.00557632, 0.00664747, 0.00489948, 0.00362064, 0.00386166, 0.00484245, 0.00148597, 0.00482343, 0.00908498, 0.00518314, 0.00830316, 0.00912587, 0.00556384, 0.00432782, 0.00465208, 0.0032661, 0.00331494, 0.00425959, 0.00365154, 0.00353931, 0.00232425, 0.00127672, 0.000516365, 0.000456047, 0.000565737, 0.0025522, 0.00339625, 0.00236103, 0.0011595, 0.00136251, 0.00208954, 0.000225569, 0.000632136, 0.0035683, 0.000750729, 0, 0, 0, 0, 0, 0, 0, 0, 0, 0, 0, 0, 0, 0, 0, 0, 0, 0, 0, 0, 0, 0, 0, 0, 0, 0, 0, 0, 0, 0, 0, 0, 0, 0, 0, 0, 0, 0, 0, 0, 0, 0, 0, 0, 0, 0, 0, 0, 0
0, 0, 0, 0.000650507, 0.00117662, 5.94649e-05, 0.000564583, 0.00262309, 0.000436933, 0.00010679, 0.00157695, 0.0041237, 0.00315061, 0.0017942, 0.00204658, 0.00472933, 0.00494058, 0.00342189, 0.00548256, 0.00503083, 0.00247145, 0.0016854, 0.0032753, 0.00333327, 0.00464271, 0.00700381, 0.00613254, 0.00966843, 0.00406736, 0.00242653, 0.00571134, 0.00365251, 0.00205866, 0.00106447, 0.00129247, 0.00189625, 0.0014438, 0.000993269, 0.000689085, 0.000225778, 0.000327517, 0.0013187, 0.0031941, 0.00223684, 0.000331968, 0.000850598, 0.00029082, 0.000396035, 0.00110735, 0.00106273, 0.00139413, 2.96843e-05, 1.88568e-05, 0, 0, 0, 0, 0, 0, 0, 0, 0, 0, 0, 0, 0, 0, 0, 0, 0, 0, 0, 0, 0, 0, 0, 0, 0, 0, 0, 0, 0, 0, 0, 0, 0, 0, 0, 0, 0, 0, 0, 0, 0, 0, 0, 0, 0, 0, 0
0, 0, 0, 0, 0, 8.70239e-05, 0.000359372, 0.000864492, 0.000249623, 9.31027e-05, 8.05082e-05, 0.00102756, 0.000592452, 0.00112784, 0.00306851, 0.00367271, 0.00303811, 0.00388139, 0.0038793, 0.00636228, 0.00258663, 0.00272757, 0.00348001, 0.00788096, 0.00312122, 0.00131311, 0.0024556, 0.00547713, 0.00320981, 0.00434107, 0.00270773, 0.0013524, 0.00101591, 0.000364737, 0.000493779, 0.0012688, 0.000893056, 0.000810636, 0.000363111, 6.21343e-05, 0.00024308, 0.000400141, 0.000611367, 0.00149516, 0.000865031, 0.000245876, 0.000204118, 0.00120244, 0.000118283, 0.00144605, 0.00145034, 9.93181e-05, 4.83528e-05, 0, 0, 0, 0, 0, 0, 0, 0, 0, 0, 0, 0, 0, 0, 0, 0, 0, 0, 0, 0, 0, 0, 0, 0, 0, 0, 0, 0, 0, 0, 0, 0, 0, 0, 0, 0, 0, 0, 0, 0, 0, 0, 0, 0, 0, 0, 0
0, 0, 0, 8.27347e-06, 0.000103635, 0.000146005, 0.000128234, 0.00142797, 0.00057763, 0.00113572, 0.00082113, 0.000861184, 0.00101642, 0.0010874, 0.00217296, 0.00419896, 0.00518382, 0.00284153, 0.00201757, 0.00204477, 0.00184596, 0.00170165, 0.0023256, 0.00764809, 0.00242052, 0.00111365, 0.000791288, 0.00252686, 0.00222811, 0.00152622, 0.00225818, 0.0022551, 0.000556269, 0.00109001, 0.00130895, 0.00119764, 0.000357417, 0.000183328, 0.000379375, 0.000615906, 0.00046094, 0.000496739, 0.00028295, 0.000146957, 8.78233e-05, 0.000238904, 0.000270498, 0.00062658, 0.0014219, 0.000354425, 4.8252e-05, 0.000128647, 2.38553e-05, 0, 0, 0, 0, 0, 0, 0, 0, 0, 0, 0, 0, 0, 0, 0, 0, 0, 0, 0, 0, 0, 0, 0, 0, 0, 0, 0, 0, 0, 0, 0, 0, 0, 0, 0, 0, 0, 0, 0, 0, 0, 0, 0, 0, 0, 0, 0
0, 0, 0, 8.1757e-05, 0.000155279, 8.31551e-05, 0.000688983, 0.00155314, 0.0010835, 0.00114645, 0.000285328, 0.000275676, 0.00052028, 0.00159457, 0.00161067, 0.00210583, 0.00145162, 0.00237123, 0.00150018, 0.000780377, 0.00100739, 0.00254338, 0.00260602, 0.00332579, 0.0018294, 0.000708286, 0.00104445, 0.00161255, 0.00130371, 0.000687821, 0.000906104, 0.002565, 0.00579699, 0.0064018, 0.00702042, 0.00425212, 0.00298383, 0.00196183, 1.16786e-05, 2.03844e-05, 2.52924e-05, 5.96366e-06, 3.42611e-05, 8.03739e-06, 4.09802e-06, 6.81646e-05, 0.00030976, 0.00054202, 0.00204389, 8.59293e-06, 0, 0, 0, 0, 0, 0, 0, 0, 0, 0, 0, 0, 0, 0, 0, 0, 0, 0, 0, 0, 0, 0, 0, 0, 0, 0, 0, 0, 0, 0, 0, 0, 0, 0, 0, 0, 0, 0, 0, 0, 0, 0, 0, 0, 0, 0, 0, 0, 0, 0
0, 0, 0, 3.14866e-05, 2.42046e-05, 1.21475e-05, 0, 1.07356e-05, 0.000473624, 0.000867174, 0.000706277, 9.51982e-06, 0.000154699, 0.00166702, 0.00261589, 0.00406355, 0.00220839, 0.00195019, 0.000754535, 0.00141196, 0.000836735, 0.0020675, 0.00269833, 0.002523, 0.00160251, 0.00082471, 0.00161382, 0.00114153, 0.000111213, 0.000121318, 0.000591072, 0.000389807, 0.0020137, 0.00459051, 0.00420223, 0.00496961, 0.00447491, 0.00145588, 3.89339e-05, 2.51423e-06, 2.18632e-05, 6.54262e-06, 0, 0, 0, 7.86091e-07, 0.000478521, 0.00116993, 0.00103763, 0, 0, 0, 0, 0, 0, 0, 0, 0, 0, 0, 0, 0, 0, 0, 0, 0, 0, 0, 0, 0, 0, 0, 0, 0, 0, 0, 0, 0, 0, 0, 0, 0, 0, 0, 0, 0, 0, 0, 0, 0, 0, 0, 0, 0, 0, 0, 0, 0, 0, 0
0, 0, 0, 0, 0, 0, 1.01392e-05, 7.85506e-05, 0.000117338, 0.000826963, 5.92399e-05, 0.000118286, 0.000543222, 0.00334324, 0.00270319, 0.00136772, 0.00208168, 0.00272928, 0.00226241, 0.00115605, 0.000526264, 0.00111353, 0.00154779, 0.00166748, 0.00079164, 0.000231936, 0.000640308, 0.000562786, 0.000314533, 0.00039674, 0.000314287, 0.00255299, 0.0010327, 0.00325289, 0.00589102, 0.00311799, 0.00400202, 0.00374366, 0.00014879, 5.47526e-05, 2.41043e-05, 1.41466e-06, 0, 0, 0, 0, 0.000607528, 0.000460461, 0.000246296, 0, 0, 0, 0, 0, 0, 0, 0, 0, 0, 0, 0, 0, 0, 0, 0, 0, 0, 0, 0, 0, 0, 0, 0, 0, 0, 0, 0, 0, 0, 0, 0, 0, 0, 0, 0, 0, 0, 0, 0, 0, 0, 0, 0, 0, 0, 0, 0, 0, 0, 0
0, 0, 0, 0, 0, 0, 0, 1.67625e-05, 1.79901e-05, 5.00595e-05, 5.43054e-05, 0.00017142, 0.000541218, 0.0012117, 0.00193985, 0.000678119, 0.000469077, 0.00121815, 0.00182923, 0.000914414, 0.000343263, 0.000341575, 0.0015746, 0.00143256, 0.000624482, 0.000528956, 0.000892917, 0.0010769, 0.000539267, 0.000346557, 0.00176352, 0.00161018, 0.000668019, 0.000848272, 0.00283509, 0.00450698, 0.00207941, 0.00127188, 0.000387625, 9.17804e-05, 3.89019e-05, 2.23755e-05, 8.94507e-06, 0, 0, 0, 0, 0.000368698, 0.000374205, 0, 0, 0, 0, 0, 0, 0, 0, 0, 0, 0, 0, 0, 0, 0, 0, 0, 0, 0, 0, 0, 0, 0, 0, 0, 0, 0, 0, 0, 0, 0, 0, 0, 0, 0, 0, 0, 0, 0, 0, 0, 0, 0, 0, 0, 0, 0, 0, 0, 0, 0
0, 0, 0, 0, 0, 0, 0, 0, 0, 0, 7.92414e-05, 0.000209146, 0.000191145, 0.000181444, 0.000462599, 0.000954699, 0.000461396, 0.000466733, 0.000637661, 0.000266918, 0.000237773, 0.000899631, 0.000808766, 0.000449366, 0.000276388, 0.000253331, 0.000468693, 0.000946389, 0.000356379, 0.000537394, 0.000493167, 0.000638942, 0.000359858, 0.00275223, 0.00117807, 0.000284372, 0.000197128, 0.000214423, 0.000200304, 0.000169022, 1.00535e-05, 1.47318e-05, 2.38955e-05, 5.23909e-05, 0, 0, 0, 0, 0, 0, 0, 0, 0, 0, 0, 0, 0, 0, 0, 0, 0, 0, 0, 0, 0, 0, 0, 0, 0, 0, 0, 0, 0, 0, 0, 0, 0, 0, 0, 0, 0, 0, 0, 0, 0, 0, 0, 0, 0, 0, 0, 0, 0, 0, 0, 0, 0, 0, 0, 0
0, 0, 0, 0, 0, 0, 0, 0, 0, 0, 2.26953e-06, 5.41754e-05, 1.34426e-05, 3.71015e-06, 0.00020164, 0.000250028, 0.000170137, 8.6872e-05, 0.000436102, 0.000256712, 0.000287276, 0.000225979, 0.000187457, 0.000371692, 4.87314e-05, 1.0366e-05, 6.5617e-05, 0.00112583, 0.00186158, 0.000576603, 0.000250704, 0.000995786, 0.00200479, 0.00139273, 0, 9.24882e-05, 0.000412438, 0.000149782, 0.000204437, 2.34894e-05, 8.87659e-06, 2.59777e-05, 5.23209e-05, 8.55388e-05, 1.89805e-06, 0, 0, 0, 0, 0, 0, 0, 0, 0, 0, 0, 0, 0, 0, 0, 0, 0, 0, 0, 0, 0, 0, 0, 0, 0, 0, 0, 0, 0, 0, 0, 0, 0, 0, 0, 0, 0, 0, 0, 0, 0, 0, 0, 0, 0, 0, 0, 0, 0, 0, 0, 0, 0, 0, 0
0, 0, 0, 0, 0, 0, 0, 0, 0, 0, 0, 0, 0, 0, 2.9861e-05, 0.000126177, 2.90814e-05, 9.50196e-05, 0.000365627, 0.000120836, 0.000216862, 0.000292925, 7.50667e-05, 0.000107782, 0, 0, 0.000160852, 0.0023736, 0.00168597, 0.000368547, 0, 0.000445147, 0.00115676, 0.000189849, 0, 0, 0.000145783, 4.33022e-05, 3.17672e-05, 1.36205e-05, 0, 0, 8.17631e-06, 3.42249e-06, 0, 0, 0, 0, 0, 0, 0, 0, 0, 0, 0, 0, 0, 0, 0, 0, 0, 0, 0, 0, 0, 0, 0, 0, 0, 0, 0, 0, 0, 0, 0, 0, 0, 0, 0, 0, 0, 0, 0, 0, 0, 0, 0, 0, 0, 0, 0, 0, 0, 0, 0, 0, 0, 0, 0, 0
0, 0, 0, 0, 0, 0, 0, 0, 0, 0, 0, 0, 0, 0, 0, 0, 0, 5.0006e-06, 0.000227039, 0.000154517, 0.000269826, 0.0002044, 0.000178002, 3.32622e-06, 0, 0, 0.000178895, 0.00133585, 0.00304061, 0.000398944, 0, 0, 0, 0, 1.40701e-05, 5.7129e-05, 1.41704e-05, 0, 0, 2.51729e-05, 1.08783e-05, 0, 0, 0, 0, 0, 0, 0, 0, 0, 0, 0, 0, 0, 0, 0, 0, 0, 0, 0, 0, 0, 0, 0, 0, 0, 0, 0, 0, 0, 0, 0, 0, 0, 0, 0, 0, 0, 0, 0, 0, 0, 0, 0, 0, 0, 0, 0, 0, 0, 0, 0, 0, 0, 0, 0, 0, 0, 0, 0
0, 0, 0, 0, 0, 0, 0, 0, 0, 0, 0, 0, 0, 0, 0, 0, 0, 0, 0, 8.92976e-05, 7.28135e-05, 3.46431e-05, 1.32928e-05, 0, 0, 0, 0, 5.39327e-05, 0.000126555, 4.11152e-05, 0, 0, 0, 0, 7.60847e-07, 3.8953e-05, 6.6806e-05, 1.6212e-05, 1.28279e-05, 3.76445e-05, 3.34322e-05, 1.18649e-06, 0, 0, 0, 0, 0, 0, 0, 0, 0, 0, 0, 0, 0, 0, 0, 0, 0, 0, 0, 0, 0, 0, 0, 0, 0, 0, 0, 0, 0, 0, 0, 0, 0, 0, 0, 0, 0, 0, 0, 0, 0, 0, 0, 0, 0, 0, 0, 0, 0, 0, 0, 0, 0, 0, 0, 0, 0, 0
0, 0, 0, 0, 0, 0, 0, 0, 0, 0, 0, 0, 0, 0, 0, 0, 0, 0, 0, 0.000129866, 9.35215e-05, 5.96523e-06, 0.000121522, 4.98523e-05, 1.14925e-05, 0, 7.26832e-05, 9.61805e-05, 8.29954e-05, 1.73876e-05, 0, 2.93761e-05, 0, 0, 3.9478e-05, 7.3604e-05, 4.60465e-05, 2.28265e-05, 3.61428e-05, 3.14372e-05, 1.66147e-05, 8.01917e-06, 0, 0, 0, 0, 0, 0, 0, 0, 0, 0, 0, 0, 0, 0, 0, 0, 0, 0, 0, 0, 0, 0, 0, 0, 0, 0, 0, 0, 0, 0, 0, 0, 0, 0, 0, 0, 0, 0, 0, 0, 0, 0, 0, 0, 0, 0, 0, 0, 0, 0, 0, 0, 0, 0, 0, 0, 0, 0
0, 0, 0, 0, 0, 0, 0, 0, 0, 0, 0, 0, 0, 0, 0, 0, 0, 0, 0, 3.26989e-05, 3.54114e-05, 4.44222e-05, 0.000107041, 0.000232181, 0.00012597, 0, 4.10328e-05, 0.000156511, 0.000200506, 0.00019437, 0.000127907, 8.25339e-05, 0, 1.5357e-05, 7.6767e-05, 9.59839e-05, 4.80163e-05, 7.25622e-05, 8.51396e-05, 6.07165e-06, 1.01293e-05, 5.94731e-07, 0, 0, 0, 0, 0, 0, 0, 0, 0, 0, 0, 0, 0, 0, 0, 0, 0, 0, 0, 0, 0, 0, 0, 0, 0, 0, 0, 0, 0, 0, 0, 0, 0, 0, 0, 0, 0, 0, 0, 0, 0, 0, 0, 0, 0, 0, 0, 0, 0, 0, 0, 0, 0, 0, 0, 0, 0, 0
0, 0, 0, 0, 0, 0, 0, 0, 0, 0, 0, 0, 0, 0, 0, 0, 0, 0, 0, 0.000134379, 9.87685e-05, 5.67923e-05, 4.03152e-06, 0.000140479, 2.71795e-05, 3.58966e-05, 9.77957e-05, 8.08471e-05, 6.78572e-05, 0, 1.74337e-05, 4.60655e-05, 0, 2.64461e-05, 0, 4.47075e-06, 3.26786e-05, 3.28017e-05, 1.82492e-05, 0, 0, 0, 0, 0, 0, 0, 0, 0, 0, 0, 0, 0, 0, 0, 0, 0, 0, 0, 0, 0, 0, 0, 0, 0, 0, 0, 0, 0, 0, 0, 0, 0, 0, 0, 0, 0, 0, 0, 0, 0, 0, 0, 0, 0, 0, 0, 0, 0, 0, 0, 0, 0, 0, 0, 0, 0, 0, 0, 0, 0
0, 0, 0, 0, 0, 0, 0, 0, 0, 0, 0, 0, 0, 0, 0, 0, 0, 0, 0, 1.05494e-05, 0, 2.29348e-06, 1.3081e-05, 7.79449e-05, 5.07325e-05, 9.38248e-05, 5.14169e-05, 2.17827e-05, 2.74089e-05, 1.21773e-05, 0, 1.20078e-05, 2.62964e-05, 1.46788e-05, 0, 0, 0.00010811, 5.39186e-05, 0, 0, 0, 0, 0, 0, 0, 0, 0, 0, 0, 0, 0, 0, 0, 0, 0, 0, 0, 0, 0, 0, 0, 0, 0, 0, 0, 0, 0, 0, 0, 0, 0, 0, 0, 0, 0, 0, 0, 0, 0, 0, 0, 0, 0, 0, 0, 0, 0, 0, 0, 0, 0, 0, 0, 0, 0, 0, 0, 0, 0, 0
0, 0, 0, 0, 0, 0, 0, 0, 0, 0, 0, 0, 0, 0, 0, 0, 0, 0, 0, 0, 0, 5.4349e-05, 0.00018431, 0.000155986, 0.000106779, 0.000169725, 0.000125178, 9.93153e-05, 6.98738e-05, 3.38902e-05, 5.34621e-05, 2.39796e-06, 3.99544e-07, 0, 0, 0, 6.05757e-06, 4.17085e-05, 0, 0, 0, 0, 0, 0, 0, 0, 0, 0, 0, 0, 0, 0, 0, 0, 0, 0, 0, 0, 0, 0, 0, 0, 0, 0, 0, 0, 0, 0, 0, 0, 0, 0, 0, 0, 0, 0, 0, 0, 0, 0, 0, 0, 0, 0, 0, 0, 0, 0, 0, 0, 0, 0, 0, 0, 0, 0, 0, 0, 0, 0
0, 0, 0, 0, 0, 0, 0, 0, 0, 0, 0, 0, 0, 0, 0, 0, 0, 0, 0, 0, 0, 3.49911e-05, 0.000216736, 0.000368164, 4.65101e-05, 7.50264e-05, 7.6678e-05, 0.000108118, 7.19943e-05, 5.65578e-05, 5.71152e-05, 0, 0, 0, 0, 0, 0, 2.99574e-06, 0, 0, 0, 0, 0, 0, 0, 0, 0, 0, 0, 0, 0, 0, 0, 0, 0, 0, 0, 0, 0, 0, 0, 0, 0, 0, 0, 0, 0, 0, 0, 0, 0, 0, 0, 0, 0, 0, 0, 0, 0, 0, 0, 0, 0, 0, 0, 0, 0, 0, 0, 0, 0, 0, 0, 0, 0, 0, 0, 0, 0, 0
0, 0, 0, 0, 0, 0, 0, 0, 0, 0, 0, 0, 0, 0, 0, 0, 0, 0, 0, 0, 0, 2.66733e-05, 0.000106518, 1.00888e-05, 0, 0, 1.62177e-05, 3.03225e-05, 8.61141e-05, 0, 0, 0, 0, 0, 0, 0, 0, 0, 0, 0, 0, 0, 0, 0, 0, 0, 0, 0, 0, 0, 0, 0, 0, 0, 0, 0, 0, 0, 0, 0, 0, 0, 0, 0, 0, 0, 0, 0, 0, 0, 0, 0, 0, 0, 0, 0, 0, 0, 0, 0, 0, 0, 0, 0, 0, 0, 0, 0, 0, 0, 0, 0, 0, 0, 0, 0, 0, 0, 0, 0
0, 0, 0, 0, 0, 0, 0, 0, 0, 0, 0, 0, 0, 0, 0, 0, 0, 0, 0, 0, 0, 1.56355e-05, 5.01433e-05, 0, 0, 0, 0, 0, 0, 0, 0, 0, 0, 0, 0, 0, 0, 0, 0, 0, 0, 0, 0, 0, 0, 0, 0, 0, 0, 0, 0, 0, 0, 0, 0, 0, 0, 0, 0, 0, 0, 0, 0, 0, 0, 0, 0, 0, 0, 0, 0, 0, 0, 0, 0, 0, 0, 0, 0, 0, 0, 0, 0, 0, 0, 0, 0, 0, 0, 0, 0, 0, 0, 0, 0, 0, 0, 0, 0, 0
0, 0, 0, 0, 0, 0, 0, 0, 0, 0, 0, 0, 0, 0, 0, 0, 0, 0, 0, 0, 0, 0, 0, 0, 0, 0, 0, 0, 0, 0, 0, 0, 0, 0, 0, 0, 0, 0, 0, 0, 0, 0, 0, 0, 0, 0, 0, 0, 0, 0, 0, 0, 0, 0, 0, 0, 0, 0, 0, 0, 0, 0, 0, 0, 0, 0, 0, 0, 0, 0, 0, 0, 0, 0, 0, 0, 0, 0, 0, 0, 0, 0, 0, 0, 0, 0, 0, 0, 0, 0, 0, 0, 0, 0, 0, 0, 0, 0, 0, 0
0, 0, 0, 0, 0, 0, 0, 0, 0, 0, 0, 0, 0, 0, 0, 0, 0, 0, 0, 0, 0, 0, 0, 0, 0, 0, 0, 0, 0, 0, 0, 0, 0, 0, 0, 0, 0, 0, 0, 0, 0, 0, 0, 0, 0, 0, 0, 0, 0, 0, 0, 0, 0, 0, 0, 0, 0, 0, 0, 0, 0, 0, 0, 0, 0, 0, 0, 0, 0, 0, 0, 0, 0, 0, 0, 0, 0, 0, 0, 0, 0, 0, 0, 0, 0, 0, 0, 0, 0, 0, 0, 0, 0, 0, 0, 0, 0, 0, 0, 0
0, 0, 0, 0, 0, 0, 0, 0, 0, 0, 0, 0, 0, 0, 0, 0, 0, 0, 0, 0, 0, 0, 0, 0, 0, 0, 0, 0, 0, 0, 0, 0, 0, 0, 0, 0, 0, 0, 0, 0, 0, 0, 0, 0, 0, 0, 0, 0, 0, 0, 0, 0, 0, 0, 0, 0, 0, 0, 0, 0, 0, 0, 0, 0, 0, 0, 0, 0, 0, 0, 0, 0, 0, 0, 0, 0, 0, 0, 0, 0, 0, 0, 0, 0, 0, 0, 0, 0, 0, 0, 0, 0, 0, 0, 0, 0, 0, 0, 0, 0
0, 0, 0, 0, 0, 0, 0, 0, 0, 0, 0, 0, 0, 0, 0, 0, 0, 0, 0, 0, 0, 0, 0, 0, 0, 0, 0, 0, 0, 0, 0, 0, 0, 0, 0, 0, 0, 0, 0, 0, 0, 0, 0, 0, 0, 0, 0, 0, 0, 0, 0, 0, 0, 0, 0, 0, 0, 0, 0, 0, 0, 0, 0, 0, 0, 0, 0, 0, 0, 0, 0, 0, 0, 0, 0, 0, 0, 0, 0, 0, 0, 0, 0, 0, 0, 0, 0, 0, 0, 0, 0, 0, 0, 0, 0, 0, 0, 0, 0, 0
0, 0, 0, 0, 0, 0, 0, 0, 0, 0, 0, 0, 0, 0, 0, 0, 0, 0, 0, 0, 0, 0, 0, 0, 0, 0, 0, 0, 0, 0, 0, 0, 0, 0, 0, 0, 0, 0, 0, 0, 0, 0, 0, 0, 0, 0, 0, 0, 0, 0, 0, 0, 0, 0, 0, 0, 0, 0, 0, 0, 0, 0, 0, 0, 0, 0, 0, 0, 0, 0, 0, 0, 0, 0, 0, 0, 0, 0, 0, 0, 0, 0, 0, 0, 0, 0, 0, 0, 0, 0, 0, 0, 0, 0, 0, 0, 0, 0, 0, 0
0, 0, 0, 0, 0, 0, 0, 0, 0, 0, 0, 0, 0, 0, 0, 0, 0, 0, 0, 0, 0, 0, 0, 0, 0, 0, 0, 0, 0, 0, 0, 0, 0, 0, 0, 0, 0, 0, 0, 0, 0, 0, 0, 0, 0, 0, 0, 0, 0, 0, 0, 0, 0, 0, 0, 0, 0, 0, 0, 0, 0, 0, 0, 0, 0, 0, 0, 0, 0, 0, 0, 0, 0, 0, 0, 0, 0, 0, 0, 0, 0, 0, 0, 0, 0, 0, 0, 0, 0, 0, 0, 0, 0, 0, 0, 0, 0, 0, 0, 0
0, 0, 0, 0, 0, 0, 0, 0, 0, 0, 0, 0, 0, 0, 0, 0, 0, 0, 0, 0, 0, 0, 0, 0, 0, 0, 0, 0, 0, 0, 0, 0, 0, 0, 0, 0, 0, 0, 0, 0, 0, 0, 0, 0, 0, 0, 0, 0, 0, 0, 0, 0, 0, 0, 0, 0, 0, 0, 0, 0, 0, 0, 0, 0, 0, 0, 0, 0, 0, 0, 0, 0, 0, 0, 0, 0, 0, 0, 0, 0, 0, 0, 0, 0, 0, 0, 0, 0, 0, 0, 0, 0, 0, 0, 0, 0, 0, 0, 0, 0
0, 0, 0, 0, 0, 0, 0, 0, 0, 0, 0, 0, 0, 0, 0, 0, 0, 0, 0, 0, 0, 0, 0, 0, 0, 0, 0, 0, 0, 0, 0, 0, 0, 0, 0, 0, 0, 0, 0, 0, 0, 0, 0, 0, 0, 0, 0, 0, 0, 0, 0, 0, 0, 0, 0, 0, 0, 0, 0, 0, 0, 0, 0, 0, 0, 0, 0, 0, 0, 0, 0, 0, 0, 0, 0, 0, 0, 0, 0, 0, 0, 0, 0, 0, 0, 0, 0, 0, 0, 0, 0, 0, 0, 0, 0, 0, 0, 0, 0, 0
0, 0, 0, 0, 0, 0, 0, 0, 0, 0, 0, 0, 0, 0, 0, 0, 0, 0, 0, 0, 0, 0, 0, 0, 0, 0, 0, 0, 0, 0, 0, 0, 0, 0, 0, 0, 0, 0, 0, 0, 0, 0, 0, 0, 0, 0, 0, 0, 0, 0, 0, 0, 0, 0, 0, 0, 0, 0, 0, 0, 0, 0, 0, 0, 0, 0, 0, 0, 0, 0, 0, 0, 0, 0, 0, 0, 0, 0, 0, 0, 0, 0, 0, 0, 0, 0, 0, 0, 0, 0, 0, 0, 0, 0, 0, 0, 0, 0, 0, 0
0, 0, 0, 0, 0, 0, 0, 0, 0, 0, 0, 0, 0, 0, 0, 0, 0, 0, 0, 0, 0, 0, 0, 0, 0, 0, 0, 0, 0, 0, 0, 0, 0, 0, 0, 0, 0, 0, 0, 0, 0, 0, 0, 0, 0, 0, 0, 0, 0, 0, 0, 0, 0, 0, 0, 0, 0, 0, 0, 0, 0, 0, 0, 0, 0, 0, 0, 0, 0, 0, 0, 0, 0, 0, 0, 0, 0, 0, 0, 0, 0, 0, 0, 0, 0, 0, 0, 0, 0, 0, 0, 0, 0, 0, 0, 0, 0, 0, 0, 0
0, 0, 0, 0, 0, 0, 0, 0, 0, 0, 0, 0, 0, 0, 0, 0, 0, 0, 0, 0, 0, 0, 0, 0, 0, 0, 0, 0, 0, 0, 0, 0, 0, 0, 0, 0, 0, 0, 0, 0, 0, 0, 0, 0, 0, 0, 0, 0, 0, 0, 0, 0, 0, 0, 0, 0, 0, 0, 0, 0, 0, 0, 0, 0, 0, 0, 0, 0, 0, 0, 0, 0, 0, 0, 0, 0, 0, 0, 0, 0, 0, 0, 0, 0, 0, 0, 0, 0, 0, 0, 0, 0, 0, 0, 0, 0, 0, 0, 0, 0
0, 0, 0, 0, 0, 0, 0, 0, 0, 0, 0, 0, 0, 0, 0, 0, 0, 0, 0, 0, 0, 0, 0, 0, 0, 0, 0, 0, 0, 0, 0, 0, 0, 0, 0, 0, 0, 0, 0, 0, 0, 0, 0, 0, 0, 0, 0, 0, 0, 0, 0, 0, 0, 0, 0, 0, 0, 0, 0, 0, 0, 0, 0, 0, 0, 0, 0, 0, 0, 0, 0, 0, 0, 0, 0, 0, 0, 0, 0, 0, 0, 0, 0, 0, 0, 0, 0, 0, 0, 0, 0, 0, 0, 0, 0, 0, 0, 0, 0, 0
0, 0, 0, 0, 0, 0, 0, 0, 0, 0, 0, 0, 0, 0, 0, 0, 0, 0, 0, 0, 0, 0, 0, 0, 0, 0, 0, 0, 0, 0, 0, 0, 0, 0, 0, 0, 0, 0, 0, 0, 0, 0, 0, 0, 0, 0, 0, 0, 0, 0, 0, 0, 0, 0, 0, 0, 0, 0, 0, 0, 0, 0, 0, 0, 0, 0, 0, 0, 0, 0, 0, 0, 0, 0, 0, 0, 0, 0, 0, 0, 0, 0, 0, 0, 0, 0, 0, 0, 0, 0, 0, 0, 0, 0, 0, 0, 0, 0, 0, 0
0, 0, 0, 0, 0, 0, 0, 0, 0, 0, 0, 0, 0, 0, 0, 0, 0, 0, 0, 0, 0, 0, 0, 0, 0, 0, 0, 0, 0, 0, 0, 0, 0, 0, 0, 0, 0, 0, 0, 0, 0, 0, 0, 0, 0, 0, 0, 0, 0, 0, 0, 0, 0, 0, 0, 0, 0, 0, 0, 0, 0, 0, 0, 0, 0, 0, 0, 0, 0, 0, 0, 0, 0, 0, 0, 0, 0, 0, 0, 0, 0, 0, 0, 0, 0, 0, 0, 0, 0, 0, 0, 0, 0, 0, 0, 0, 0, 0, 0, 0
0, 0, 0, 0, 0, 0, 0, 0, 0, 0, 0, 0, 0, 0, 0, 0, 0, 0, 0, 0, 0, 0, 0, 0, 0, 0, 0, 0, 0, 0, 0, 0, 0, 0, 0, 0, 0, 0, 0, 0, 0, 0, 0, 0, 0, 0, 0, 0, 0, 0, 0, 0, 0, 0, 0, 0, 0, 0, 0, 0, 0, 0, 0, 0, 0, 0, 0, 0, 0, 0, 0, 0, 0, 0, 0, 0, 0, 0, 0, 0, 0, 0, 0, 0, 0, 0, 0, 0, 0, 0, 0, 0, 0, 0, 0, 0, 0, 0, 0, 0
0, 0, 0, 0, 0, 0, 0, 0, 0, 0, 0, 0, 0, 0, 0, 0, 0, 0, 0, 0, 0, 0, 0, 0, 0, 0, 0, 0, 0, 0, 0, 0, 0, 0, 0, 0, 0, 0, 0, 0, 0, 0, 0, 0, 0, 0, 0, 0, 0, 0, 0, 0, 0, 0, 0, 0, 0, 0, 0, 0, 0, 0, 0, 0, 0, 0, 0, 0, 0, 0, 0, 0, 0, 0, 0, 0, 0, 0, 0, 0, 0, 0, 0, 0, 0, 0, 0, 0, 0, 0, 0, 0, 0, 0, 0, 0, 0, 0, 0, 0
0, 0, 0, 0, 0, 0, 0, 0, 0, 0, 0, 0, 0, 0, 0, 0, 0, 0, 0, 0, 0, 0, 0, 0, 0, 0, 0, 0, 0, 0, 0, 0, 0, 0, 0, 0, 0, 0, 0, 0, 0, 0, 0, 0, 0, 0, 0, 0, 0, 0, 0, 0, 0, 0, 0, 0, 0, 0, 0, 0, 0, 0, 0, 0, 0, 0, 0, 0, 0, 0, 0, 0, 0, 0, 0, 0, 0, 0, 0, 0, 0, 0, 0, 0, 0, 0, 0, 0, 0, 0, 0, 0, 0, 0, 0, 0, 0, 0, 0, 0
0, 0, 0, 0, 0, 0, 0, 0, 0, 0, 0, 0, 0, 0, 0, 0, 0, 0, 0, 0, 0, 0, 0, 0, 0, 0, 0, 0, 0, 0, 0, 0, 0, 0, 0, 0, 0, 0, 0, 0, 0, 0, 0, 0, 0, 0, 0, 0, 0, 0, 0, 0, 0, 0, 0, 0, 0, 0, 0, 0, 0, 0, 0, 0, 0, 0, 0, 0, 0, 0, 0, 0, 0, 0, 0, 0, 0, 0, 0, 0, 0, 0, 0, 0, 0, 0, 0, 0, 0, 0, 0, 0, 0, 0, 0, 0, 0, 0, 0, 0
0, 0, 0, 0, 0, 0, 0, 0, 0, 0, 0, 0, 0, 0, 0, 0, 0, 0, 0, 0, 0, 0, 0, 0, 0, 0, 0, 0, 0, 0, 0, 0, 0, 0, 0, 0, 0, 0, 0, 0, 0, 0, 0, 0, 0, 0, 0, 0, 0, 0, 0, 0, 0, 0, 0, 0, 0, 0, 0, 0, 0, 0, 0, 0, 0, 0, 0, 0, 0, 0, 0, 0, 0, 0, 0, 0, 0, 0, 0, 0, 0, 0, 0, 0, 0, 0, 0, 0, 0, 0, 0, 0, 0, 0, 0, 0, 0, 0, 0, 0
0, 0, 0, 0, 0, 0, 0, 0, 0, 0, 0, 0, 0, 0, 0, 0, 0, 0, 0, 0, 0, 0, 0, 0, 0, 0, 0, 0, 0, 0, 0, 0, 0, 0, 0, 0, 0, 0, 0, 0, 0, 0, 0, 0, 0, 0, 0, 0, 0, 0, 0, 0, 0, 0, 0, 0, 0, 0, 0, 0, 0, 0, 0, 0, 0, 0, 0, 0, 0, 0, 0, 0, 0, 0, 0, 0, 0, 0, 0, 0, 0, 0, 0, 0, 0, 0, 0, 0, 0, 0, 0, 0, 0, 0, 0, 0, 0, 0, 0, 0
0, 0, 0, 0, 0, 0, 0, 0, 0, 0, 0, 0, 0, 0, 0, 0, 0, 0, 0, 0, 0, 0, 0, 0, 0, 0, 0, 0, 0, 0, 0, 0, 0, 0, 0, 0, 0, 0, 0, 0, 0, 0, 0, 0, 0, 0, 0, 0, 0, 0, 0, 0, 0, 0, 0, 0, 0, 0, 0, 0, 0, 0, 0, 0, 0, 0, 0, 0, 0, 0, 0, 0, 0, 0, 0, 0, 0, 0, 0, 0, 0, 0, 0, 0, 0, 0, 0, 0, 0, 0, 0, 0, 0, 0, 0, 0, 0, 0, 0, 0
0, 0, 0, 0, 0, 0, 0, 0, 0, 0, 0, 0, 0, 0, 0, 0, 0, 0, 0, 0, 0, 0, 0, 0, 0, 0, 0, 0, 0, 0, 0, 0, 0, 0, 0, 0, 0, 0, 0, 0, 0, 0, 0, 0, 0, 0, 0, 0, 0, 0, 0, 0, 0, 0, 0, 0, 0, 0, 0, 0, 0, 0, 0, 0, 0, 0, 0, 0, 0, 0, 0, 0, 0, 0, 0, 0, 0, 0, 0, 0, 0, 0, 0, 0, 0, 0, 0, 0, 0, 0, 0, 0, 0, 0, 0, 0, 0, 0, 0, 0
0, 0, 0, 0, 0, 0, 0, 0, 0, 0, 0, 0, 0, 0, 0, 0, 0, 0, 0, 0, 0, 0, 0, 0, 0, 0, 0, 0, 0, 0, 0, 0, 0, 0, 0, 0, 0, 0, 0, 0, 0, 0, 0, 0, 0, 0, 0, 0, 0, 0, 0, 0, 0, 0, 0, 0, 0, 0, 0, 0, 0, 0, 0, 0, 0, 0, 0, 0, 0, 0, 0, 0, 0, 0, 0, 0, 0, 0, 0, 0, 0, 0, 0, 0, 0, 0, 0, 0, 0, 0, 0, 0, 0, 0, 0, 0, 0, 0, 0, 0
0, 0, 0, 0, 0, 0, 0, 0, 0, 0, 0, 0, 0, 0, 0, 0, 0, 0, 0, 0, 0, 0, 0, 0, 0, 0, 0, 0, 0, 0, 0, 0, 0, 0, 0, 0, 0, 0, 0, 0, 0, 0, 0, 0, 0, 0, 0, 0, 0, 0, 0, 0, 0, 0, 0, 0, 0, 0, 0, 0, 0, 0, 0, 0, 0, 0, 0, 0, 0, 0, 0, 0, 0, 0, 0, 0, 0, 0, 0, 0, 0, 0, 0, 0, 0, 0, 0, 0, 0, 0, 0, 0, 0, 0, 0, 0, 0, 0, 0, 0
0, 0, 0, 0, 0, 0, 0, 0, 0, 0, 0, 0, 0, 0, 0, 0, 0, 0, 0, 0, 0, 0, 0, 0, 0, 0, 0, 0, 0, 0, 0, 0, 0, 0, 0, 0, 0, 0, 0, 0, 0, 0, 0, 0, 0, 0, 0, 0, 0, 0, 0, 0, 0, 0, 0, 0, 0, 0, 0, 0, 0, 0, 0, 0, 0, 0, 0, 0, 0, 0, 0, 0, 0, 0, 0, 0, 0, 0, 0, 0, 0, 0, 0, 0, 0, 0, 0, 0, 0, 0, 0, 0, 0, 0, 0, 0, 0, 0, 0, 0
0, 0, 0, 0, 0, 0, 0, 0, 0, 0, 0, 0, 0, 0, 0, 0, 0, 0, 0, 0, 0, 0, 0, 0, 0, 0, 0, 0, 0, 0, 0, 0, 0, 0, 0, 0, 0, 0, 0, 0, 0, 0, 0, 0, 0, 0, 0, 0, 0, 0, 0, 0, 0, 0, 0, 0, 0, 0, 0, 0, 0, 0, 0, 0, 0, 0, 0, 0, 0, 0, 0, 0, 0, 0, 0, 0, 0, 0, 0, 0, 0, 0, 0, 0, 0, 0, 0, 0, 0, 0, 0, 0, 0, 0, 0, 0, 0, 0, 0, 0
0, 0, 0, 0, 0, 0, 0, 0, 0, 0, 0, 0, 0, 0, 0, 0, 0, 0, 0, 0, 0, 0, 0, 0, 0, 0, 0, 0, 0, 0, 0, 0, 0, 0, 0, 0, 0, 0, 0, 0, 0, 0, 0, 0, 0, 0, 0, 0, 0, 0, 0, 0, 0, 0, 0, 0, 0, 0, 0, 0, 0, 0, 0, 0, 0, 0, 0, 0, 0, 0, 0, 0, 0, 0, 0, 0, 0, 0, 0, 0, 0, 0, 0, 0, 0, 0, 0, 0, 0, 0, 0, 0, 0, 0, 0, 0, 0, 0, 0, 0
0, 0, 0, 0, 0, 0, 0, 0, 0, 0, 0, 0, 0, 0, 0, 0, 0, 0, 0, 0, 0, 0, 0, 0, 0, 0, 0, 0, 0, 0, 0, 0, 0, 0, 0, 0, 0, 0, 0, 0, 0, 0, 0, 0, 0, 0, 0, 0, 0, 0, 0, 0, 0, 0, 0, 0, 0, 0, 0, 0, 0, 0, 0, 0, 0, 0, 0, 0, 0, 0, 0, 0, 0, 0, 0, 0, 0, 0, 0, 0, 0, 0, 0, 0, 0, 0, 0, 0, 0, 0, 0, 0, 0, 0, 0, 0, 0, 0, 0, 0
0, 0, 0, 0, 0, 0, 0, 0, 0, 0, 0, 0, 0, 0, 0, 0, 0, 0, 0, 0, 0, 0, 0, 0, 0, 0, 0, 0, 0, 0, 0, 0, 0, 0, 0, 0, 0, 0, 0, 0, 0, 0, 0, 0, 0, 0, 0, 0, 0, 0, 0, 0, 0, 0, 0, 0, 0, 0, 0, 0, 0, 0, 0, 0, 0, 0, 0, 0, 0, 0, 0, 0, 0, 0, 0, 0, 0, 0, 0, 0, 0, 0, 0, 0, 0, 0, 0, 0, 0, 0, 0, 0, 0, 0, 0, 0, 0, 0, 0, 0
0, 0, 0, 0, 0, 0, 0, 0, 0, 0, 0, 0, 0, 0, 0, 0, 0, 0, 0, 0, 0, 0, 0, 0, 0, 0, 0, 0, 0, 0, 0, 0, 0, 0, 0, 0, 0, 0, 0, 0, 0, 0, 0, 0, 0, 0, 0, 0, 0, 0, 0, 0, 0, 0, 0, 0, 0, 0, 0, 0, 0, 0, 0, 0, 0, 0, 0, 0, 0, 0, 0, 0, 0, 0, 0, 0, 0, 0, 0, 0, 0, 0, 0, 0, 0, 0, 0, 0, 0, 0, 0, 0, 0, 0, 0, 0, 0, 0, 0, 0
0, 0, 0, 0, 0, 0, 0, 0, 0, 0, 0, 0, 0, 0, 0, 0, 0, 0, 0, 0, 0, 0, 0, 0, 0, 0, 0, 0, 0, 0, 0, 0, 0, 0, 0, 0, 0, 0, 0, 0, 0, 0, 0, 0, 0, 0, 0, 0, 0, 0, 0, 0, 0, 0, 0, 0, 0, 0, 0, 0, 0, 0, 0, 0, 0, 0, 0, 0, 0, 0, 0, 0, 0, 0, 0, 0, 0, 0, 0, 0, 0, 0, 0, 0, 0, 0, 0, 0, 0, 0, 0, 0, 0, 0, 0, 0, 0, 0, 0, 0
0, 0, 0, 0, 0, 0, 0, 0, 0, 0, 0, 0, 0, 0, 0, 0, 0, 0, 0, 0, 0, 0, 0, 0, 0, 0, 0, 0, 0, 0, 0, 0, 0, 0, 0, 0, 0, 0, 0, 0, 0, 0, 0, 0, 0, 0, 0, 0, 0, 0, 0, 0, 0, 0, 0, 0, 0, 0, 0, 0, 0, 0, 0, 0, 0, 0, 0, 0, 0, 0, 0, 0, 0, 0, 0, 0, 0, 0, 0, 0, 0, 0, 0, 0, 0, 0, 0, 0, 0, 0, 0, 0, 0, 0, 0, 0, 0, 0, 0, 0
0, 0, 0, 0, 0, 0, 0, 0, 0, 0, 0, 0, 0, 0, 0, 0, 0, 0, 0, 0, 0, 0, 0, 0, 0, 0, 0, 0, 0, 0, 0, 0, 0, 0, 0, 0, 0, 0, 0, 0, 0, 0, 0, 0, 0, 0, 0, 0, 0, 0, 0, 0, 0, 0, 0, 0, 0, 0, 0, 0, 0, 0, 0, 0, 0, 0, 0, 0, 0, 0, 0, 0, 0, 0, 0, 0, 0, 0, 0, 0, 0, 0, 0, 0, 0, 0, 0, 0, 0, 0, 0, 0, 0, 0, 0, 0, 0, 0, 0, 0
0, 0, 0, 0, 0, 0, 0, 0, 0, 0, 0, 0, 0, 0, 0, 0, 0, 0, 0, 0, 0, 0, 0, 0, 0, 0, 0, 0, 0, 0, 0, 0, 0, 0, 0, 0, 0, 0, 0, 0, 0, 0, 0, 0, 0, 0, 0, 0, 0, 0, 0, 0, 0, 0, 0, 0, 0, 0, 0, 0, 0, 0, 0, 0, 0, 0, 0, 0, 0, 0, 0, 0, 0, 0, 0, 0, 0, 0, 0, 0, 0, 0, 0, 0, 0, 0, 0, 0, 0, 0, 0, 0, 0, 0, 0, 0, 0, 0, 0, 0
0, 0, 0, 0, 0, 0, 0, 0, 0, 0, 0, 0, 0, 0, 0, 0, 0, 0, 0, 0, 0, 0, 0, 0, 0, 0, 0, 0, 0, 0, 0, 0, 0, 0, 0, 0, 0, 0, 0, 0, 0, 0, 0, 0, 0, 0, 0, 0, 0, 0, 0, 0, 0, 0, 0, 0, 0, 0, 0, 0, 0, 0, 0, 0, 0, 0, 0, 0, 0, 0, 0, 0, 0, 0, 0, 0, 0, 0, 0, 0, 0, 0, 0, 0, 0, 0, 0, 0, 0, 0, 0, 0, 0, 0, 0, 0, 0, 0, 0, 0
0, 0, 0, 0, 0, 0, 0, 0, 0, 0, 0, 0, 0, 0, 0, 0, 0, 0, 0, 0, 0, 0, 0, 0, 0, 0, 0, 0, 0, 0, 0, 0, 0, 0, 0, 0, 0, 0, 0, 0, 0, 0, 0, 0, 0, 0, 0, 0, 0, 0, 0, 0, 0, 0, 0, 0, 0, 0, 0, 0, 0, 0, 0, 0, 0, 0, 0, 0, 0, 0, 0, 0, 0, 0, 0, 0, 0, 0, 0, 0, 0, 0, 0, 0, 0, 0, 0, 0, 0, 0, 0, 0, 0, 0, 0, 0, 0, 0, 0, 0
0, 0, 0, 0, 0, 0, 0, 0, 0, 0, 0, 0, 0, 0, 0, 0, 0, 0, 0, 0, 0, 0, 0, 0, 0, 0, 0, 0, 0, 0, 0, 0, 0, 0, 0, 0, 0, 0, 0, 0, 0, 0, 0, 0, 0, 0, 0, 0, 0, 0, 0, 0, 0, 0, 0, 0, 0, 0, 0, 0, 0, 0, 0, 0, 0, 0, 0, 0, 0, 0, 0, 0, 0, 0, 0, 0, 0, 0, 0, 0, 0, 0, 0, 0, 0, 0, 0, 0, 0, 0, 0, 0, 0, 0, 0, 0, 0, 0, 0, 0
0, 0, 0, 0, 0, 0, 0, 0, 0, 0, 0, 0, 0, 0, 0, 0, 0, 0, 0, 0, 0, 0, 0, 0, 0, 0, 0, 0, 0, 0, 0, 0, 0, 0, 0, 0, 0, 0, 0, 0, 0, 0, 0, 0, 0, 0, 0, 0, 0, 0, 0, 0, 0, 0, 0, 0, 0, 0, 0, 0, 0, 0, 0, 0, 0, 0, 0, 0, 0, 0, 0, 0, 0, 0, 0, 0, 0, 0, 0, 0, 0, 0, 0, 0, 0, 0, 0, 0, 0, 0, 0, 0, 0, 0, 0, 0, 0, 0, 0, 0
0, 0, 0, 0, 0, 0, 0, 0, 0, 0, 0, 0, 0, 0, 0, 0, 0, 0, 0, 0, 0, 0, 0, 0, 0, 0, 0, 0, 0, 0, 0, 0, 0, 0, 0, 0, 0, 0, 0, 0, 0, 0, 0, 0, 0, 0, 0, 0, 0, 0, 0, 0, 0, 0, 0, 0, 0, 0, 0, 0, 0, 0, 0, 0, 0, 0, 0, 0, 0, 0, 0, 0, 0, 0, 0, 0, 0, 0, 0, 0, 0, 0, 0, 0, 0, 0, 0, 0, 0, 0, 0, 0, 0, 0, 0, 0, 0, 0, 0, 0
0, 0, 0, 0, 0, 0, 0, 0, 0, 0, 0, 0, 0, 0, 0, 0, 0, 0, 0, 0, 0, 0, 0, 0, 0, 0, 0, 0, 0, 0, 0, 0, 0, 0, 0, 0, 0, 0, 0, 0, 0, 0, 0, 0, 0, 0, 0, 0, 0, 0, 0, 0, 0, 0, 0, 0, 0, 0, 0, 0, 0, 0, 0, 0, 0, 0, 0, 0, 0, 0, 0, 0, 0, 0, 0, 0, 0, 0, 0, 0, 0, 0, 0, 0, 0, 0, 0, 0, 0, 0, 0, 0, 0, 0, 0, 0, 0, 0, 0, 0
0, 0, 0, 0, 0, 0, 0, 0, 0, 0, 0, 0, 0, 0, 0, 0, 0, 0, 0, 0, 0, 0, 0, 0, 0, 0, 0, 0, 0, 0, 0, 0, 0, 0, 0, 0, 0, 0, 0, 0, 0, 0, 0, 0, 0, 0, 0, 0, 0, 0, 0, 0, 0, 0, 0, 0, 0, 0, 0, 0, 0, 0, 0, 0, 0, 0, 0, 0, 0, 0, 0, 0, 0, 0, 0, 0, 0, 0, 0, 0, 0, 0, 0, 0, 0, 0, 0, 0, 0, 0, 0, 0, 0, 0, 0, 0, 0, 0, 0, 0
