0.0719173,0.0572672,0.0382805,0.027432,0.0210677,0.0170876,0.0143118,0.0122852,0.0107164,0.00946471,0.00852102,0.00772859,0.00711787,0.00655207,0.00601968,0.00563205,0.00520475,0.00478751,0.00440228,0.0038499,7.19191e-05,5.97187e-05,4.69006e-05,3.74181e-05,0.00108546,0.00107982,0.000991585,0.000924078,0.00085564,0.000763378,0.000679154,0.000598032,0.000112174,0.00010763,0.000102447,9.98364e-05,9.56487e-05,9.26545e-05,8.9714e-05,8.43974e-05,7.94731e-05,7.57104e-05,7.14654e-05,6.89119e-05,6.53112e-05,6.21097e-05,5.94695e-05,5.61772e-05,5.19906e-05,4.84406e-05,4.56421e-05,4.27044e-05,3.93853e-05,3.67597e-05,3.38369e-05,3.15627e-05,2.93592e-05,2.65408e-05,2.57599e-05,2.295e-05,2.12795e-05,1.91594e-05,1.74868e-05,1.52393e-05,1.45038e-05,1.30763e-05,1.19039e-05,1.0897e-05,8.94421e-06,7.29253e-06,6.78703e-06,6.08955e-06,5.05118e-06,4.76088e-06,4.31138e-06,3.871e-06,3.29109e-06,2.7091e-06,2.41155e-06,1.95632e-06,1.63559e-06,1.57637e-06,1.16944e-06,1.01195e-06,8.3577e-07,6.44821e-07,5.78597e-07,4.14617e-07,2.44251e-07,1.37605e-07,1.38644e-07,9.12837e-08,1.09617e-07,1.18019e-07,6.76034e-08,4.39231e-08,3.39927e-08,2.21525e-08,1.9097e-08,3.32288e-08
0.00418746,0.0102021,0.0130105,0.0131409,0.0122125,0.0111334,0.0100502,0.00914944,0.00833233,0.00761477,0.00701183,0.00649791,0.00604999,0.00564332,0.0052918,0.00493179,0.00464497,0.00432658,0.00400644,0.00353055,6.68648e-05,5.64016e-05,4.52819e-05,3.67197e-05,0.00103582,0.00103365,0.000958637,0.000885256,0.000811496,0.000728431,0.000652486,0.000571153,0.000107412,0.000103351,9.89865e-05,9.55663e-05,9.07583e-05,8.67625e-05,8.28554e-05,7.92246e-05,7.64249e-05,7.26372e-05,6.9161e-05,6.49021e-05,6.21808e-05,5.86912e-05,5.58993e-05,5.23687e-05,4.92216e-05,4.58309e-05,4.25566e-05,4.03522e-05,3.78666e-05,3.56167e-05,3.29434e-05,3.0176e-05,2.79623e-05,2.63271e-05,2.35514e-05,2.15647e-05,1.95492e-05,1.80284e-05,1.62289e-05,1.51866e-05,1.34509e-05,1.20167e-05,1.07126e-05,9.86268e-06,8.68539e-06,7.68393e-06,6.84328e-06,6.07845e-06,5.57026e-06,4.96211e-06,4.09122e-06,3.61505e-06,2.99122e-06,2.47716e-06,2.21613e-06,1.89024e-06,1.66591e-06,1.37599e-06,1.0346e-06,7.71653e-07,7.61779e-07,6.08706e-07,4.73146e-07,3.67985e-07,3.39021e-07,3.04321e-07,2.71404e-07,1.75049e-07,1.6016e-07,7.95708e-08,6.92585e-08,5.30189e-08,2.53566e-08,1.51503e-08,1.43864e-08,1.19675e-08
0.000897417,0.00200913,0.00327325,0.00429617,0.00493544,0.00525762,0.00535568,0.00530639,0.00517664,0.00501102,0.00480289,0.0046184,0.00442724,0.00423883,0.00405247,0.0038529,0.0036601,0.00346055,0.00321754,0.00286961,5.40348e-05,4.69712e-05,4.10543e-05,3.38379e-05,0.000938883,0.000928384,0.000871087,0.000804245,0.000741519,0.000667975,0.000590855,0.000519438,9.70956e-05,9.34218e-05,8.95266e-05,8.52494e-05,8.20555e-05,7.86127e-05,7.56514e-05,7.15609e-05,6.83996e-05,6.51964e-05,6.23281e-05,5.86653e-05,5.57089e-05,5.29031e-05,5.00168e-05,4.71686e-05,4.48209e-05,4.25595e-05,3.95894e-05,3.69784e-05,3.46219e-05,3.19154e-05,2.96221e-05,2.75049e-05,2.53235e-05,2.32899e-05,2.15074e-05,2.00167e-05,1.86191e-05,1.69851e-05,1.5504e-05,1.42067e-05,1.28789e-05,1.15054e-05,1.02418e-05,9.13808e-06,8.11002e-06,7.17505e-06,6.28576e-06,5.37907e-06,4.93691e-06,4.5169e-06,3.85575e-06,3.27208e-06,2.8203e-06,2.38153e-06,1.95215e-06,1.68614e-06,1.38121e-06,1.0619e-06,1.04032e-06,8.86432e-07,7.23878e-07,5.98279e-07,4.76029e-07,4.10076e-07,3.13428e-07,2.83217e-07,2.14294e-07,1.76558e-07,1.10372e-07,7.47881e-08,6.58465e-08,5.65823e-08,2.52844e-08,2.36803e-08,2.74997e-09,1.2986e-09
0.000181955,0.000422108,0.000785043,0.00122741,0.00164583,0.00203442,0.0023255,0.00254721,0.0026837,0.00278122,0.0028341,0.0028464,0.00283281,0.00279623,0.00274406,0.00268757,0.00262049,0.00251216,0.00236738,0.00214644,4.20245e-05,3.66502e-05,3.24624e-05,2.87907e-05,0.000815713,0.000801557,0.000745888,0.000692697,0.000634621,0.000577249,0.000514783,0.000453439,8.38498e-05,8.07019e-05,7.77318e-05,7.50856e-05,7.18405e-05,6.8691e-05,6.58064e-05,6.29393e-05,6.00637e-05,5.72487e-05,5.47522e-05,5.22322e-05,4.96967e-05,4.68381e-05,4.41504e-05,4.1687e-05,3.91654e-05,3.67157e-05,3.46386e-05,3.2445e-05,3.07295e-05,2.89684e-05,2.67537e-05,2.50221e-05,2.27246e-05,2.1223e-05,1.94917e-05,1.74347e-05,1.58668e-05,1.45657e-05,1.32912e-05,1.20663e-05,1.09797e-05,9.88645e-06,8.95914e-06,7.95999e-06,7.06862e-06,6.53097e-06,5.78996e-06,5.17673e-06,4.49108e-06,3.79363e-06,3.21068e-06,2.88708e-06,2.59486e-06,2.16478e-06,1.83056e-06,1.69015e-06,1.37887e-06,1.08029e-06,9.23958e-07,7.60455e-07,6.02177e-07,4.99835e-07,4.3064e-07,3.38435e-07,2.6851e-07,2.23865e-07,1.61073e-07,1.45213e-07,1.09817e-07,8.6564e-08,6.54936e-08,4.31198e-08,2.20586e-08,1.69448e-08,8.96043e-09,5.94735e-09
3.80369e-05,9.28159e-05,0.000194373,0.000335912,0.000510403,0.000695996,0.000887773,0.00105951,0.00121394,0.00134593,0.00145162,0.00153561,0.00159951,0.00164526,0.00167046,0.00168479,0.00167767,0.00165447,0.00158896,0.00145534,2.97739e-05,2.78082e-05,2.49815e-05,2.29578e-05,0.000670052,0.000652661,0.000614068,0.000571146,0.000526824,0.000474643,0.00042292,0.000370982,6.98438e-05,6.76477e-05,6.53388e-05,6.26594e-05,6.03408e-05,5.76678e-05,5.50394e-05,5.28885e-05,5.12831e-05,4.87085e-05,4.63609e-05,4.34964e-05,4.13401e-05,3.94168e-05,3.79732e-05,3.54876e-05,3.34203e-05,3.15591e-05,2.91238e-05,2.71762e-05,2.58187e-05,2.38938e-05,2.22227e-05,2.08973e-05,1.94547e-05,1.76202e-05,1.63183e-05,1.50729e-05,1.36813e-05,1.24656e-05,1.1672e-05,1.04345e-05,9.40845e-06,8.39301e-06,7.68665e-06,6.86009e-06,6.22455e-06,5.57161e-06,4.80298e-06,4.38171e-06,3.80935e-06,3.37483e-06,2.97602e-06,2.51545e-06,2.19413e-06,1.92354e-06,1.6092e-06,1.36512e-06,1.20517e-06,9.21192e-07,7.44543e-07,6.34839e-07,5.26808e-07,4.3726e-07,3.91998e-07,2.87773e-07,2.18873e-07,1.76077e-07,1.38675e-07,9.30448e-08,8.05964e-08,6.92066e-08,4.67853e-08,4.65e-08,4.2235e-08,3.12766e-08,1.95709e-08,1.51432e-08
8.70539e-06,2.27743e-05,4.9028e-05,9.26394e-05,0.000150023,0.000223509,0.000306877,0.000397794,0.000492827,0.00058463,0.000672476,0.000747123,0.000815181,0.000871683,0.000920465,0.000954113,0.000978667,0.000986111,0.00097066,0.000909807,1.94548e-05,1.9777e-05,1.91415e-05,1.81478e-05,0.000520793,0.000507394,0.000481314,0.000448856,0.000411518,0.000373205,0.000331657,0.000293167,5.49706e-05,5.30911e-05,5.14295e-05,4.96014e-05,4.81055e-05,4.60761e-05,4.45738e-05,4.27625e-05,4.0662e-05,3.87104e-05,3.68363e-05,3.54656e-05,3.36658e-05,3.20229e-05,3.0154e-05,2.8535e-05,2.69228e-05,2.54593e-05,2.38363e-05,2.2517e-05,2.09393e-05,1.95088e-05,1.81289e-05,1.68882e-05,1.56068e-05,1.46385e-05,1.34431e-05,1.24329e-05,1.12376e-05,1.03437e-05,9.43104e-06,8.68262e-06,7.83235e-06,7.05723e-06,6.28454e-06,5.66376e-06,5.07859e-06,4.53633e-06,3.9889e-06,3.44124e-06,2.9914e-06,2.61415e-06,2.40879e-06,2.01563e-06,1.7215e-06,1.43123e-06,1.26023e-06,1.08654e-06,8.89859e-07,8.09234e-07,6.81416e-07,5.96945e-07,4.95066e-07,3.96687e-07,3.39072e-07,2.68382e-07,2.10273e-07,1.74431e-07,1.50691e-07,1.01312e-07,6.95825e-08,4.92818e-08,3.43244e-08,3.49764e-08,2.20696e-08,2.59835e-08,1.90411e-08,1.83582e-08
1.98162e-06,6.07386e-06,1.29571e-05,2.37845e-05,4.36057e-05,6.90089e-05,0.000100353,0.000137453,0.000183604,0.000232604,0.000282134,0.000331378,0.000380077,0.000422389,0.000463249,0.00049568,0.000520425,0.000543272,0.000544559,0.000528566,1.22541e-05,1.31884e-05,1.34723e-05,1.38266e-05,0.000396048,0.000380926,0.000360934,0.000339574,0.00031331,0.000285263,0.000252591,0.00022322,4.17535e-05,4.04812e-05,3.91114e-05,3.80988e-05,3.67929e-05,3.53596e-05,3.42458e-05,3.2749e-05,3.12213e-05,2.9979e-05,2.8576e-05,2.70431e-05,2.57896e-05,2.46653e-05,2.3359e-05,2.21762e-05,2.10928e-05,1.99533e-05,1.87206e-05,1.75977e-05,1.65246e-05,1.5429e-05,1.43878e-05,1.33992e-05,1.25542e-05,1.15461e-05,1.06681e-05,9.95058e-06,9.05074e-06,8.13763e-06,7.52689e-06,6.80786e-06,6.12014e-06,5.59094e-06,5.13941e-06,4.51237e-06,3.97873e-06,3.60456e-06,3.16128e-06,2.78547e-06,2.42844e-06,2.08311e-06,1.84625e-06,1.54508e-06,1.36529e-06,1.15568e-06,9.51124e-07,8.69486e-07,7.06369e-07,5.82083e-07,5.02171e-07,4.31493e-07,3.22826e-07,2.53003e-07,2.2069e-07,2.04886e-07,1.55006e-07,1.39375e-07,1.12891e-07,9.18403e-08,7.28477e-08,5.74461e-08,4.13915e-08,3.46472e-08,2.79812e-08,1.98723e-08,1.32079e-08,6.14042e-09
4.63618e-07,1.51406e-06,3.57869e-06,6.44851e-06,1.26747e-05,2.06456e-05,3.33169e-05,4.78996e-05,6.58466e-05,8.69987e-05,0.000110511,0.000136808,0.000163891,0.000189006,0.000214942,0.000238852,0.000259117,0.000275085,0.000284973,0.000281952,7.52884e-06,8.67047e-06,9.6267e-06,1.03565e-05,0.000287081,0.000273508,0.000259517,0.000246895,0.000228104,0.000210267,0.000186835,0.0001631,3.07287e-05,2.96046e-05,2.88209e-05,2.77946e-05,2.70513e-05,2.61331e-05,2.49906e-05,2.40647e-05,2.30257e-05,2.22065e-05,2.14087e-05,2.0354e-05,1.92418e-05,1.83761e-05,1.73893e-05,1.63997e-05,1.5612e-05,1.49947e-05,1.4042e-05,1.34831e-05,1.24525e-05,1.15621e-05,1.088e-05,1.00029e-05,9.22981e-06,8.59458e-06,7.99718e-06,7.39283e-06,6.89236e-06,6.17114e-06,5.6767e-06,5.25893e-06,4.71731e-06,4.27205e-06,3.84009e-06,3.37469e-06,2.97398e-06,2.72428e-06,2.40956e-06,2.04123e-06,1.8483e-06,1.64499e-06,1.43035e-06,1.21834e-06,1.01315e-06,8.14327e-07,7.47955e-07,6.0302e-07,5.01612e-07,4.27296e-07,3.78364e-07,3.26842e-07,2.4878e-07,2.05117e-07,1.63947e-07,1.29414e-07,1.12408e-07,9.16189e-08,7.32108e-08,6.10269e-08,4.35412e-08,2.02018e-08,1.8732e-08,1.79512e-08,1.48193e-08,1.07452e-08,9.9559e-09,7.0277e-09
1.38372e-07,4.46239e-07,9.07966e-07,2.02379e-06,3.56322e-06,6.27516e-06,1.00977e-05,1.54213e-05,2.23659e-05,3.09768e-05,4.12924e-05,5.39172e-05,6.72882e-05,8.12973e-05,9.53974e-05,0.000108204,0.000119781,0.000130785,0.000141593,0.000147976,4.6151e-06,5.43659e-06,6.63657e-06,7.10063e-06,0.000201155,0.000190816,0.000182477,0.000172353,0.000160379,0.000146167,0.000131679,0.000115232,2.15662e-05,2.11113e-05,2.03804e-05,1.96019e-05,1.89556e-05,1.83167e-05,1.76621e-05,1.70966e-05,1.64909e-05,1.58141e-05,1.51402e-05,1.43966e-05,1.38983e-05,1.3225e-05,1.25123e-05,1.18151e-05,1.11605e-05,1.05671e-05,9.96796e-06,9.43279e-06,8.91338e-06,8.44158e-06,7.84968e-06,7.31894e-06,6.78251e-06,6.32051e-06,5.92385e-06,5.34464e-06,4.9389e-06,4.61617e-06,4.20327e-06,3.77317e-06,3.46879e-06,3.13978e-06,2.8521e-06,2.53376e-06,2.2281e-06,2.00808e-06,1.78261e-06,1.63802e-06,1.38158e-06,1.14158e-06,1.04142e-06,8.73698e-07,7.89581e-07,6.92809e-07,5.85185e-07,5.04636e-07,4.181e-07,3.08705e-07,2.67558e-07,2.37841e-07,1.76212e-07,1.49805e-07,1.30727e-07,9.86304e-08,7.82802e-08,6.04114e-08,5.30897e-08,4.19011e-08,3.06239e-08,2.56724e-08,2.12139e-08,1.16155e-08,1.05595e-08,5.39209e-09,3.66213e-09,3.25772e-09
4.38725e-08,1.17493e-07,2.43573e-07,5.08814e-07,1.03189e-06,2.05701e-06,3.19622e-06,5.20293e-06,7.64455e-06,1.11513e-05,1.46799e-05,2.02268e-05,2.59641e-05,3.22462e-05,3.89961e-05,4.59799e-05,5.22015e-05,5.78722e-05,6.41258e-05,7.40383e-05,2.59292e-06,3.63354e-06,4.48785e-06,4.95243e-06,0.000137577,0.000129443,0.000122671,0.000116003,0.00010769,9.93925e-05,8.88951e-05,7.8312e-05,1.45474e-05,1.42506e-05,1.38763e-05,1.34426e-05,1.29286e-05,1.25845e-05,1.2116e-05,1.18005e-05,1.12989e-05,1.06898e-05,1.0269e-05,9.89952e-06,9.53148e-06,9.20032e-06,8.75823e-06,8.29862e-06,7.88425e-06,7.48554e-06,7.03745e-06,6.52019e-06,6.14767e-06,5.741e-06,5.53419e-06,5.22428e-06,4.72324e-06,4.37925e-06,4.09226e-06,3.75734e-06,3.46172e-06,3.20744e-06,2.9174e-06,2.65216e-06,2.46942e-06,2.18697e-06,1.97853e-06,1.7879e-06,1.58643e-06,1.47079e-06,1.31624e-06,1.19034e-06,1.01104e-06,8.54314e-07,7.24359e-07,5.98195e-07,5.26109e-07,4.6026e-07,4.15712e-07,3.67854e-07,3.04641e-07,2.63512e-07,2.2091e-07,1.71135e-07,1.42955e-07,1.07098e-07,9.95836e-08,8.76497e-08,6.32837e-08,4.18236e-08,3.51128e-08,2.5447e-08,2.64097e-08,1.2116e-08,1.00477e-08,9.69145e-09,7.55839e-09,5.32706e-09,2.77409e-09,4.36216e-09
1.1763e-08,1.61197e-08,6.14292e-08,1.12209e-07,2.38891e-07,5.39478e-07,9.23011e-07,1.56899e-06,2.49652e-06,3.57001e-06,5.37653e-06,6.68082e-06,9.32056e-06,1.19294e-05,1.45545e-05,1.83643e-05,2.18157e-05,2.45978e-05,2.84799e-05,3.76375e-05,1.74544e-06,2.42546e-06,3.06958e-06,3.65584e-06,9.50446e-05,8.65465e-05,8.33537e-05,7.83803e-05,7.26784e-05,6.69894e-05,5.99023e-05,5.29592e-05,9.99636e-06,9.54844e-06,9.23852e-06,9.08129e-06,8.79148e-06,8.6372e-06,8.35142e-06,8.05661e-06,7.65849e-06,7.39661e-06,7.09871e-06,6.86489e-06,6.57228e-06,6.30825e-06,5.97867e-06,5.65242e-06,5.36451e-06,5.11584e-06,4.76876e-06,4.52953e-06,4.35993e-06,4.07308e-06,3.78876e-06,3.55937e-06,3.26961e-06,3.06195e-06,2.7777e-06,2.61452e-06,2.41596e-06,2.14063e-06,1.98705e-06,1.8464e-06,1.65777e-06,1.48835e-06,1.36823e-06,1.24697e-06,1.10476e-06,9.50699e-07,8.66683e-07,7.70319e-07,6.46757e-07,5.96515e-07,5.23493e-07,4.59729e-07,4.11463e-07,3.65467e-07,2.82835e-07,2.39143e-07,1.93682e-07,1.79989e-07,1.42668e-07,1.29837e-07,1.07739e-07,9.38461e-08,6.88654e-08,6.17066e-08,4.33765e-08,4.00643e-08,2.95549e-08,2.60932e-08,1.99023e-08,1.46592e-08,1.02396e-08,7.65699e-09,7.47511e-09,6.85673e-09,4.56509e-09,2.61902e-09
1.19335e-09,7.16011e-09,2.70493e-08,7.00762e-08,8.67832e-08,1.41655e-07,3.20592e-07,6.17405e-07,7.93336e-07,1.11017e-06,1.79672e-06,2.34586e-06,3.23398e-06,4.44755e-06,5.64121e-06,6.98866e-06,8.54431e-06,9.62018e-06,1.2346e-05,2.02108e-05,1.05038e-06,1.69583e-06,2.206e-06,2.77252e-06,6.33864e-05,5.78145e-05,5.51434e-05,5.24086e-05,4.7958e-05,4.41932e-05,3.99448e-05,3.51321e-05,6.52081e-06,6.3572e-06,6.23684e-06,6.11318e-06,5.88604e-06,5.69622e-06,5.45838e-06,5.35732e-06,5.18194e-06,4.97779e-06,4.80047e-06,4.60898e-06,4.28771e-06,4.17162e-06,3.91541e-06,3.79834e-06,3.57589e-06,3.31976e-06,3.17731e-06,3.06647e-06,2.86112e-06,2.67496e-06,2.50955e-06,2.3737e-06,2.09258e-06,1.95846e-06,1.86899e-06,1.71985e-06,1.63352e-06,1.50119e-06,1.35063e-06,1.23273e-06,1.11351e-06,1.01169e-06,9.38159e-07,8.28609e-07,7.56968e-07,6.73395e-07,5.61921e-07,4.91797e-07,4.75201e-07,4.08194e-07,3.68971e-07,3.05848e-07,2.57702e-07,2.28835e-07,2.15185e-07,1.81332e-07,1.59948e-07,1.34705e-07,1.10602e-07,8.95696e-08,8.2809e-08,6.33135e-08,5.37124e-08,3.6812e-08,2.78982e-08,2.49756e-08,2.11063e-08,1.64004e-08,1.3891e-08,8.7348e-09,1.05615e-08,5.13128e-09,4.3674e-09,2.60716e-09,2.4411e-09,1.66061e-09
0,3.65961e-09,1.13448e-08,1.31746e-08,1.64682e-08,3.69621e-08,9.11243e-08,1.33474e-07,2.92118e-07,4.4389e-07,5.1755e-07,7.25375e-07,1.01991e-06,1.53149e-06,1.99605e-06,2.59788e-06,3.08942e-06,3.94354e-06,5.66847e-06,1.23254e-05,9.14413e-07,1.20627e-06,1.55905e-06,2.04737e-06,4.27244e-05,3.7915e-05,3.62309e-05,3.45683e-05,3.14034e-05,2.91684e-05,2.6228e-05,2.27515e-05,4.2915e-06,4.15739e-06,4.04564e-06,3.94941e-06,3.88016e-06,3.67575e-06,3.60948e-06,3.48062e-06,3.35234e-06,3.26819e-06,3.11732e-06,2.94977e-06,2.82691e-06,2.68755e-06,2.54402e-06,2.51581e-06,2.36884e-06,2.30744e-06,2.12767e-06,2.02843e-06,1.89435e-06,1.78463e-06,1.64916e-06,1.5477e-06,1.44227e-06,1.33103e-06,1.26442e-06,1.16241e-06,1.0987e-06,9.55858e-07,8.80889e-07,8.09146e-07,7.64847e-07,6.87173e-07,5.93391e-07,5.34685e-07,4.77405e-07,4.46951e-07,3.89826e-07,3.55175e-07,3.10727e-07,2.61122e-07,2.59266e-07,2.2412e-07,1.96085e-07,1.63553e-07,1.26012e-07,1.1452e-07,9.96626e-08,9.76086e-08,8.53076e-08,7.28487e-08,5.76084e-08,4.35904e-08,3.55153e-08,2.4563e-08,2.79852e-08,1.96292e-08,1.38763e-08,8.99511e-09,9.01209e-09,5.79021e-09,2.76525e-09,2.21525e-09,2.11255e-09,2.56154e-09,3.08862e-09,1.99458e-09
0,0,0,6.77706e-10,8.13247e-09,2.37197e-08,8.47132e-09,5.82827e-08,8.84782e-08,1.3172e-07,1.6425e-07,2.72381e-07,4.06416e-07,6.13832e-07,6.62344e-07,8.58295e-07,1.14263e-06,1.47141e-06,2.82976e-06,8.74594e-06,6.87279e-07,9.38098e-07,1.27585e-06,1.47195e-06,2.96804e-05,2.58759e-05,2.43492e-05,2.31751e-05,2.13595e-05,1.97179e-05,1.72645e-05,1.51607e-05,2.84073e-06,2.7732e-06,2.76378e-06,2.69903e-06,2.52062e-06,2.41433e-06,2.40941e-06,2.25621e-06,2.15382e-06,2.11121e-06,2.02103e-06,1.94363e-06,1.86246e-06,1.7758e-06,1.68676e-06,1.59682e-06,1.50083e-06,1.44561e-06,1.353e-06,1.30523e-06,1.2129e-06,1.12349e-06,1.02333e-06,9.7678e-07,9.09743e-07,8.84635e-07,8.02767e-07,7.7314e-07,7.16397e-07,6.65836e-07,6.07755e-07,5.46999e-07,4.75994e-07,4.19075e-07,3.90085e-07,3.38142e-07,3.14613e-07,2.90493e-07,2.86337e-07,2.54724e-07,2.24247e-07,2.03239e-07,1.60182e-07,1.28407e-07,1.12434e-07,1.02497e-07,9.23674e-08,8.12974e-08,7.18409e-08,5.98247e-08,4.97072e-08,4.16841e-08,4.18696e-08,3.40202e-08,2.72686e-08,1.86255e-08,1.20523e-08,1.17694e-08,6.62344e-09,5.8572e-09,4.27128e-09,3.0343e-09,2.49911e-09,2.71838e-09,2.07945e-09,1.49947e-09,4.00015e-10,4.18091e-10
0,0,0,4.10129e-09,6.30967e-10,9.46451e-10,7.25612e-09,2.33458e-08,3.56497e-08,5.11084e-08,3.7858e-08,1.01358e-07,1.02094e-07,1.65962e-07,2.96975e-07,3.39671e-07,4.02066e-07,7.24999e-07,1.70417e-06,6.21489e-06,5.39551e-07,7.19256e-07,9.17393e-07,1.17882e-06,2.11766e-05,1.80153e-05,1.68871e-05,1.58818e-05,1.4802e-05,1.34043e-05,1.17521e-05,1.0262e-05,1.94938e-06,1.87923e-06,1.84424e-06,1.7862e-06,1.70833e-06,1.64593e-06,1.58352e-06,1.54801e-06,1.49466e-06,1.45154e-06,1.35588e-06,1.30018e-06,1.25981e-06,1.20821e-06,1.19538e-06,1.10757e-06,1.05091e-06,1.01646e-06,9.49736e-07,8.85639e-07,8.03238e-07,7.58599e-07,7.43321e-07,7.00233e-07,6.45372e-07,5.9027e-07,5.52153e-07,5.00687e-07,4.53912e-07,4.11646e-07,3.69887e-07,3.37471e-07,3.31042e-07,2.98349e-07,2.558e-07,2.4208e-07,2.18912e-07,1.97414e-07,1.54964e-07,1.43201e-07,1.15732e-07,9.62723e-08,8.08637e-08,7.62878e-08,7.17316e-08,6.86373e-08,5.57076e-08,3.98915e-08,3.5876e-08,3.6866e-08,3.07732e-08,2.40286e-08,1.42489e-08,1.58476e-08,1.04785e-08,8.23293e-09,6.51932e-09,6.61078e-09,5.00839e-09,2.40432e-09,8.71438e-10,1.52776e-09,1.92287e-09,1.76483e-09,1.73849e-09,9.08754e-10,8.69243e-10,7.37539e-10
0,0,0,0,0,0,2.36104e-09,1.23955e-08,5.01721e-09,1.32808e-08,2.0364e-08,3.717e-08,4.98606e-08,7.15034e-08,8.11115e-08,6.99786e-08,1.36744e-07,3.77717e-07,1.14912e-06,5.08556e-06,4.76031e-07,5.92823e-07,7.44994e-07,9.88499e-07,1.48856e-05,1.2738e-05,1.18879e-05,1.1103e-05,1.02137e-05,9.31363e-06,8.30291e-06,7.15966e-06,1.3346e-06,1.31197e-06,1.2691e-06,1.25358e-06,1.20998e-06,1.14789e-06,1.08818e-06,1.04043e-06,9.89926e-07,9.57226e-07,9.28608e-07,8.98994e-07,8.60774e-07,8.12384e-07,7.95013e-07,7.91462e-07,7.45755e-07,6.93715e-07,6.58387e-07,6.13178e-07,5.68948e-07,5.21464e-07,4.89188e-07,4.43199e-07,4.25842e-07,3.79583e-07,3.60273e-07,3.20428e-07,3.00797e-07,2.78452e-07,2.54965e-07,2.26432e-07,2.23828e-07,1.95434e-07,1.79613e-07,1.53454e-07,1.36818e-07,1.20855e-07,1.04666e-07,9.45849e-08,7.49396e-08,6.57861e-08,5.30472e-08,4.80375e-08,4.03939e-08,3.33547e-08,3.26477e-08,3.16394e-08,2.3965e-08,1.77458e-08,1.81469e-08,1.69717e-08,1.14952e-08,9.0194e-09,8.0577e-09,6.13774e-09,2.28616e-09,2.02195e-09,1.57978e-09,3.75095e-10,7.14597e-10,5.42108e-10,0,0,0,0,0,0
0,0,0,0,0,0,0,2.77243e-10,3.88141e-09,5.54486e-09,7.20832e-09,3.04968e-09,2.79554e-08,9.98076e-09,2.14247e-08,3.63189e-08,9.36774e-08,2.68556e-07,8.30621e-07,4.21519e-06,3.5229e-07,5.00815e-07,6.02659e-07,7.39801e-07,1.10527e-05,9.14562e-06,8.90215e-06,8.58914e-06,7.53747e-06,6.82663e-06,5.80868e-06,5.17727e-06,9.4788e-07,9.31652e-07,8.81372e-07,8.62563e-07,8.34521e-07,7.90068e-07,7.7876e-07,7.79503e-07,7.52974e-07,7.13967e-07,6.80936e-07,6.40708e-07,6.28433e-07,6.07811e-07,5.7647e-07,5.49092e-07,4.95214e-07,4.57992e-07,4.56143e-07,4.30554e-07,3.97596e-07,3.77431e-07,3.47435e-07,3.17822e-07,2.82469e-07,2.72039e-07,2.49248e-07,2.16602e-07,2.00454e-07,1.82846e-07,1.63538e-07,1.58986e-07,1.39649e-07,1.23771e-07,1.13826e-07,1.01141e-07,9.88755e-08,8.51578e-08,7.37646e-08,5.53922e-08,4.76698e-08,4.45616e-08,4.35817e-08,3.05674e-08,2.72721e-08,2.21403e-08,1.80663e-08,1.45877e-08,1.17803e-08,1.21481e-08,1.2694e-08,7.57514e-09,4.953e-09,4.76718e-09,3.30886e-09,2.37201e-09,1.21141e-09,2.37909e-11,0,0,0,1.27313e-10,4.28236e-10,3.35644e-10,0,0,0,0
0,0,0,0,0,0,0,0,0,0,0,4.44381e-09,2.09121e-09,1.42899e-08,2.6111e-08,1.1763e-08,4.24341e-08,1.71958e-07,6.26229e-07,3.25939e-06,3.53554e-07,4.0578e-07,5.42577e-07,6.14036e-07,8.18329e-06,6.83075e-06,6.40215e-06,5.89632e-06,5.53374e-06,4.82534e-06,4.34147e-06,3.71356e-06,7.04149e-07,6.88089e-07,6.70836e-07,6.3558e-07,6.2572e-07,6.28813e-07,5.88147e-07,5.55594e-07,5.35941e-07,5.05713e-07,4.94897e-07,4.68316e-07,4.35061e-07,4.11969e-07,3.89908e-07,3.63657e-07,3.59755e-07,3.17327e-07,2.9765e-07,2.8011e-07,2.43254e-07,2.46605e-07,2.40642e-07,2.07454e-07,1.97322e-07,1.83626e-07,1.78464e-07,1.64729e-07,1.38328e-07,1.2632e-07,1.08385e-07,1.05656e-07,9.35686e-08,9.24228e-08,8.67095e-08,8.86768e-08,7.20472e-08,6.64818e-08,5.19026e-08,5.26386e-08,4.78589e-08,3.87827e-08,3.21606e-08,2.63011e-08,2.1633e-08,2.01901e-08,1.51788e-08,1.03833e-08,1.02439e-08,6.8052e-09,5.13315e-09,3.82789e-09,4.83184e-09,3.62055e-09,1.98609e-09,9.46363e-10,4.58934e-10,3.74059e-10,0,0,2.40077e-10,4.58328e-10,8.18443e-10,4.36503e-10,0,0,0,0
0,0,0,0,0,0,0,0,0,0,0,0,0,4.29977e-09,7.91267e-09,1.8353e-08,4.42615e-08,1.30999e-07,5.22607e-07,2.63451e-06,2.67936e-07,3.14818e-07,4.13147e-07,5.27558e-07,6.16975e-06,5.10625e-06,4.90422e-06,4.44334e-06,4.20245e-06,3.65051e-06,3.30637e-06,2.77132e-06,5.08606e-07,4.91806e-07,4.83786e-07,4.48977e-07,4.40084e-07,4.22773e-07,4.13651e-07,4.09011e-07,3.70135e-07,3.51146e-07,3.31549e-07,3.1046e-07,3.02227e-07,2.73238e-07,2.70505e-07,2.63515e-07,2.40216e-07,2.32749e-07,2.08937e-07,1.83487e-07,1.76425e-07,1.55745e-07,1.69958e-07,1.56708e-07,1.47094e-07,1.38356e-07,1.2311e-07,1.02643e-07,9.83031e-08,8.94112e-08,7.28508e-08,6.60326e-08,5.57179e-08,5.90269e-08,5.79178e-08,4.50999e-08,4.5604e-08,4.27824e-08,3.24706e-08,3.06584e-08,3.14779e-08,2.65282e-08,2.05043e-08,1.79655e-08,1.55976e-08,1.40618e-08,1.25094e-08,1.16796e-08,1.03537e-08,5.822e-09,4.9549e-09,3.22068e-09,2.85939e-09,2.06454e-09,1.16647e-09,8.7743e-10,9.80657e-10,9.39366e-10,1.19743e-09,6.5033e-10,2.37422e-10,0,0,0,0,0,0,0
0,0,0,0,0,0,0,0,0,0,0,0,0,0,4.45722e-09,7.97607e-09,3.33118e-08,1.55195e-07,4.28219e-07,2.31701e-06,2.72879e-07,3.06754e-07,3.46771e-07,4.2034e-07,4.88276e-06,4.20374e-06,3.77688e-06,3.5355e-06,3.17791e-06,2.81087e-06,2.45807e-06,2.21639e-06,4.05905e-07,3.78455e-07,3.56591e-07,3.52552e-07,3.36452e-07,3.31551e-07,3.10444e-07,2.82307e-07,2.78426e-07,2.58357e-07,2.32419e-07,2.35761e-07,2.14487e-07,2.07731e-07,1.92047e-07,1.85015e-07,1.77608e-07,1.73982e-07,1.55717e-07,1.48265e-07,1.36712e-07,1.28804e-07,1.12581e-07,9.93517e-08,9.66461e-08,8.46041e-08,7.97063e-08,6.34456e-08,6.17307e-08,6.44815e-08,6.01969e-08,5.1063e-08,4.13371e-08,3.8614e-08,3.98632e-08,2.94067e-08,2.73414e-08,2.31678e-08,2.41357e-08,1.53358e-08,1.50594e-08,1.35148e-08,1.2369e-08,9.56646e-09,7.08439e-09,5.56261e-09,4.68121e-09,3.6725e-09,2.94779e-09,2.2035e-09,1.62569e-09,2.03701e-09,1.43962e-09,1.56693e-10,1.30251e-09,1.62569e-09,1.01851e-09,3.8194e-10,5.38633e-10,5.19047e-10,6.07187e-10,2.44833e-10,2.44833e-10,0,0,0,0,0
0,0,0,0,0,0,0,0,0,0,0,0,0,0,2.00832e-09,1.38351e-08,2.94926e-08,6.81714e-08,2.99339e-07,2.05107e-06,2.26422e-07,2.7408e-07,3.1522e-07,3.77821e-07,4.00857e-06,3.32538e-06,3.20152e-06,3.00906e-06,2.72447e-06,2.3813e-06,2.05229e-06,1.74274e-06,3.25734e-07,3.16365e-07,2.97525e-07,2.71181e-07,2.5742e-07,2.33287e-07,2.09522e-07,2.13023e-07,2.04974e-07,1.96795e-07,1.98473e-07,1.79085e-07,1.70871e-07,1.61736e-07,1.53173e-07,1.52473e-07,1.55768e-07,1.3634e-07,1.21304e-07,1.22063e-07,1.01533e-07,9.56103e-08,8.72676e-08,8.15592e-08,7.13912e-08,6.33622e-08,5.49802e-08,5.34224e-08,5.43897e-08,4.6518e-08,4.02983e-08,3.73054e-08,3.48761e-08,3.54273e-08,2.39794e-08,2.55274e-08,1.69974e-08,1.75413e-08,1.43466e-08,1.25461e-08,1.12491e-08,8.38405e-09,6.37188e-09,7.45973e-09,7.03432e-09,6.23214e-09,4.86948e-09,4.09473e-09,2.85886e-09,9.31561e-10,8.66352e-10,8.84983e-10,9.78139e-10,1.86312e-10,0,3.07415e-10,0,0,0,0,1.21103e-10,2.981e-10,0,0,0,0,0,0
0,0,0,0,0,0,0,0,0,0,0,0,0,0,8.51072e-10,2.97875e-09,1.07921e-08,6.29321e-08,2.49778e-07,1.74035e-06,2.04281e-07,2.22341e-07,2.46732e-07,3.35563e-07,3.40063e-06,2.85757e-06,2.57654e-06,2.46611e-06,2.26646e-06,1.99913e-06,1.6875e-06,1.32117e-06,2.48125e-07,2.27146e-07,2.19199e-07,2.12355e-07,2.07565e-07,2.0006e-07,1.85186e-07,1.71394e-07,1.63065e-07,1.7502e-07,1.55992e-07,1.48328e-07,1.32296e-07,1.171e-07,1.10839e-07,1.08837e-07,1.07897e-07,9.55872e-08,9.10715e-08,8.79789e-08,8.69165e-08,8.12575e-08,7.52624e-08,6.66466e-08,5.88119e-08,5.86253e-08,5.7327e-08,4.30373e-08,4.49979e-08,3.56991e-08,3.53487e-08,2.56388e-08,2.32712e-08,2.29524e-08,2.03228e-08,1.7285e-08,1.68498e-08,1.73649e-08,1.2453e-08,7.36345e-09,9.23515e-09,8.80683e-09,6.42686e-09,6.5818e-09,5.40292e-09,5.96892e-09,3.62399e-09,2.86899e-09,3.6684e-09,2.67358e-09,1.74982e-09,1.67876e-09,1.66988e-09,1.41229e-09,1.10141e-09,3.90822e-10,0,0,0,0,0,0,0,0,0,0,0,0
0,0,0,0,0,0,0,0,0,0,0,0,0,0,8.13247e-10,6.30266e-09,2.02521e-08,5.77066e-08,2.30838e-07,1.54568e-06,1.56094e-07,2.04391e-07,2.305e-07,2.66414e-07,2.69032e-06,2.34555e-06,1.99625e-06,1.90905e-06,1.80448e-06,1.51256e-06,1.3686e-06,1.2174e-06,2.18667e-07,1.98174e-07,1.98468e-07,1.78691e-07,1.7876e-07,1.79109e-07,1.709e-07,1.70826e-07,1.46544e-07,1.41284e-07,1.3436e-07,1.22776e-07,1.07933e-07,1.03678e-07,9.22291e-08,8.5134e-08,8.73973e-08,8.60417e-08,7.56336e-08,6.7958e-08,6.8669e-08,6.60747e-08,5.90885e-08,5.26936e-08,4.96187e-08,4.34851e-08,3.67912e-08,3.5255e-08,3.25135e-08,2.91232e-08,2.39222e-08,2.19309e-08,2.06068e-08,1.7101e-08,1.43053e-08,1.52465e-08,1.49574e-08,1.24975e-08,1.68077e-08,1.21806e-08,8.65731e-09,6.91311e-09,6.9598e-09,7.59636e-09,5.27926e-09,3.14888e-09,2.63963e-09,2.30862e-09,9.67581e-10,1.45137e-09,9.42119e-10,6.36567e-10,1.07792e-09,1.06943e-09,1.18826e-10,8.48756e-12,1.18826e-10,0,0,0,0,0,0,0,0,0,0,0
0,0,0,0,0,0,0,0,0,0,0,0,0,0,1.9466e-09,6.42378e-09,9.53835e-09,5.6884e-08,2.37475e-07,1.35429e-06,1.47253e-07,1.54012e-07,1.85447e-07,2.47406e-07,2.13062e-06,1.88586e-06,1.81774e-06,1.68807e-06,1.52331e-06,1.31843e-06,1.13403e-06,9.19043e-07,1.57609e-07,1.60896e-07,1.58123e-07,1.52741e-07,1.31749e-07,1.18228e-07,1.17521e-07,1.05279e-07,9.80755e-08,9.58697e-08,9.85279e-08,9.50769e-08,9.68245e-08,8.75758e-08,9.01631e-08,7.93939e-08,7.0374e-08,6.90567e-08,7.23569e-08,6.50919e-08,5.93745e-08,5.76535e-08,4.8589e-08,4.36238e-08,3.58387e-08,3.51647e-08,3.14929e-08,2.80022e-08,2.49015e-08,2.04541e-08,2.2646e-08,2.0516e-08,2.13336e-08,1.54203e-08,1.32054e-08,1.03485e-08,8.70426e-09,8.45234e-09,9.64782e-09,7.89884e-09,5.92413e-09,5.53407e-09,4.31511e-09,5.68847e-09,3.15304e-09,4.20947e-09,3.18554e-09,2.25101e-09,1.95033e-09,2.66545e-09,2.33227e-09,1.90157e-09,2.0641e-09,6.7449e-10,8.85776e-10,1.14582e-09,6.7449e-10,7.80133e-10,3.65687e-10,1.30022e-10,4.7133e-10,0,0,0,0,0,0,0
0,0,0,0,0,0,0,0,0,0,0,0,0,0,5.60144e-10,1.86715e-09,1.08813e-08,4.23428e-08,2.26724e-07,1.1661e-06,1.26526e-07,1.75665e-07,1.73762e-07,2.14771e-07,1.95953e-06,1.68343e-06,1.54789e-06,1.44809e-06,1.27341e-06,1.11328e-06,9.84108e-07,8.06703e-07,1.41157e-07,1.40376e-07,1.24825e-07,1.21421e-07,1.18062e-07,1.10324e-07,1.18097e-07,1.07969e-07,1.02387e-07,9.31765e-08,8.95117e-08,8.49674e-08,8.12181e-08,7.762e-08,7.54929e-08,6.32882e-08,5.66492e-08,6.6335e-08,5.08768e-08,4.54257e-08,4.47065e-08,4.50191e-08,4.15336e-08,3.56897e-08,3.48587e-08,3.3072e-08,2.61213e-08,2.65271e-08,2.37717e-08,2.18052e-08,1.65356e-08,1.61606e-08,1.57752e-08,1.21905e-08,1.04683e-08,1.02734e-08,9.33025e-09,6.95287e-09,4.27149e-09,4.88727e-09,5.97853e-09,4.80153e-09,4.2637e-09,4.10001e-09,2.06559e-09,1.68365e-09,1.7694e-09,1.98765e-09,1.62909e-09,8.41827e-10,2.14354e-09,1.11464e-09,9.50953e-10,6.85933e-10,1.71483e-10,0,5.45629e-11,1.01331e-10,3.50761e-10,6.70344e-10,3.03993e-10,0,0,0,0,0,0,0
0,0,0,0,0,0,0,0,0,0,0,0,0,0,0,1.07636e-09,1.05742e-08,3.89083e-08,1.57547e-07,1.00962e-06,1.11578e-07,1.29672e-07,1.74956e-07,2.08474e-07,1.72334e-06,1.46547e-06,1.31306e-06,1.19175e-06,1.05537e-06,9.0812e-07,8.06881e-07,6.25195e-07,1.26177e-07,1.19823e-07,1.13935e-07,1.09518e-07,1.03774e-07,9.66683e-08,9.53157e-08,9.73165e-08,9.09396e-08,8.7213e-08,7.51794e-08,6.78276e-08,6.70072e-08,6.17495e-08,6.15893e-08,5.79787e-08,5.31525e-08,5.44481e-08,4.45805e-08,4.58078e-08,4.07944e-08,3.70116e-08,3.00318e-08,3.07724e-08,2.36091e-08,2.35126e-08,1.89181e-08,1.8678e-08,1.92389e-08,1.98646e-08,1.79716e-08,1.28657e-08,1.09373e-08,1.23269e-08,1.06132e-08,7.88427e-09,7.09709e-09,6.13767e-09,5.54229e-09,5.3896e-09,4.38482e-09,3.3064e-09,3.37755e-09,2.56124e-09,2.35155e-09,1.73745e-09,1.07093e-09,1.67005e-09,1.21322e-09,9.1366e-10,1.05595e-09,1.28811e-09,1.14582e-09,2.09693e-10,4.26874e-10,2.77094e-10,3.0705e-10,4.5683e-10,5.76655e-10,3.22028e-10,2.24671e-11,0,0,0,0,0,0,0
0,0,0,0,0,0,0,0,0,0,0,0,0,0,0,4.14296e-09,1.45003e-08,2.85404e-08,1.37686e-07,8.75343e-07,1.23114e-07,1.43379e-07,1.49516e-07,1.79628e-07,1.52436e-06,1.22494e-06,1.16134e-06,1.01148e-06,9.42168e-07,8.09442e-07,7.01185e-07,5.75145e-07,1.02617e-07,9.14222e-08,9.28278e-08,8.90253e-08,9.26012e-08,8.53067e-08,8.6234e-08,8.53556e-08,7.95668e-08,7.73036e-08,6.88005e-08,6.36915e-08,5.40918e-08,5.23542e-08,5.27862e-08,5.0274e-08,5.30464e-08,4.60618e-08,3.78873e-08,2.89394e-08,3.08238e-08,2.43269e-08,2.51792e-08,2.73063e-08,2.55115e-08,2.24824e-08,1.89389e-08,1.75656e-08,1.65507e-08,1.58025e-08,1.41538e-08,1.3257e-08,1.3426e-08,9.85157e-09,9.19218e-09,8.63689e-09,8.58965e-09,6.44173e-09,5.20063e-09,4.81389e-09,3.79778e-09,3.54115e-09,3.13639e-09,3.91949e-09,2.01299e-09,1.89529e-09,2.10427e-09,7.49467e-10,1.39804e-09,1.26833e-09,4.97243e-10,3.67527e-10,4.25179e-10,6.48577e-11,0,1.94573e-10,4.32385e-11,0,0,1.87367e-10,2.16192e-10,0,0,0,0,0,0,0
0,0,0,0,0,0,0,0,0,0,0,0,0,0,6.65384e-10,2.32884e-09,3.65961e-09,2.70867e-08,1.10084e-07,8.36905e-07,7.60047e-08,1.16941e-07,1.21663e-07,1.56731e-07,1.22738e-06,1.04806e-06,9.78148e-07,8.59244e-07,7.42667e-07,6.85919e-07,5.83486e-07,4.68144e-07,9.28103e-08,8.78728e-08,8.68767e-08,8.30801e-08,7.5069e-08,6.61323e-08,6.75482e-08,6.35213e-08,6.61698e-08,5.92347e-08,5.34805e-08,5.38748e-08,5.06861e-08,4.46445e-08,4.4479e-08,3.76778e-08,3.31312e-08,3.09746e-08,3.08681e-08,2.9772e-08,3.10957e-08,2.4862e-08,2.09114e-08,2.63446e-08,2.22413e-08,1.95291e-08,2.14176e-08,1.81402e-08,1.62085e-08,1.24894e-08,1.37985e-08,1.09733e-08,7.82128e-09,7.07592e-09,8.48833e-09,5.45171e-09,5.97524e-09,3.57288e-09,2.86764e-09,3.40621e-09,3.72758e-09,3.4934e-09,1.79165e-09,2.23377e-09,1.95715e-09,1.14813e-09,1.06943e-09,1.50693e-09,9.51378e-10,6.06089e-10,1.6624e-09,3.12496e-10,3.54163e-10,4.9305e-10,1.80553e-10,4.9305e-10,5.97215e-10,9.44434e-10,2.43053e-10,0,0,0,0,0,0,0,0,0
0,0,0,0,0,0,0,0,0,0,0,0,0,0,3.37069e-09,3.5312e-09,7.06241e-09,1.9921e-08,1.16815e-07,6.97466e-07,1.01514e-07,1.02443e-07,1.14917e-07,1.27965e-07,1.1131e-06,9.3902e-07,8.95996e-07,7.81751e-07,7.45998e-07,5.93335e-07,5.34467e-07,4.08824e-07,7.38801e-08,7.36884e-08,7.00179e-08,7.31095e-08,6.21434e-08,6.16152e-08,5.85727e-08,5.28503e-08,5.17049e-08,4.7457e-08,4.71294e-08,4.84092e-08,3.99928e-08,4.27613e-08,3.78407e-08,3.69451e-08,3.28145e-08,2.95981e-08,3.19262e-08,2.80566e-08,2.6438e-08,2.6336e-08,2.32492e-08,2.2052e-08,1.99472e-08,1.75134e-08,1.53245e-08,1.60433e-08,1.55222e-08,1.36214e-08,1.11395e-08,1.17132e-08,8.98825e-09,9.16135e-09,7.72777e-09,6.76883e-09,4.61008e-09,4.19017e-09,4.32791e-09,4.46937e-09,3.8194e-09,5.4983e-09,2.86381e-09,2.11556e-09,8.91193e-10,1.50877e-09,9.20974e-10,5.73282e-10,6.34705e-10,5.91523e-10,4.02042e-11,0,0,0,0,0,0,0,7.37077e-11,5.56158e-10,2.8813e-10,3.35035e-11,0,0,0,0,0,0
0,0,0,0,0,0,0,0,0,0,0,0,0,0,0,3.87671e-09,6.51287e-09,1.24055e-08,7.90159e-08,6.65975e-07,7.71764e-08,9.64064e-08,1.11235e-07,1.12901e-07,1.01712e-06,8.67051e-07,7.79548e-07,6.72957e-07,6.02947e-07,5.45359e-07,4.86086e-07,4.17809e-07,7.67369e-08,6.89542e-08,5.83566e-08,5.7724e-08,6.0713e-08,5.68609e-08,5.73277e-08,5.46523e-08,4.46039e-08,4.30333e-08,3.70205e-08,3.77445e-08,3.33205e-08,3.28663e-08,3.53075e-08,3.10227e-08,2.97859e-08,3.12353e-08,3.19628e-08,2.75076e-08,2.25654e-08,2.22252e-08,2.14444e-08,2.01292e-08,1.68492e-08,1.67137e-08,1.6686e-08,1.31712e-08,1.09471e-08,9.42694e-09,8.38901e-09,7.03568e-09,5.56223e-09,6.35811e-09,4.61061e-09,3.91471e-09,4.03231e-09,4.53149e-09,3.80142e-09,3.69784e-09,1.98199e-09,2.7189e-09,2.22043e-09,2.1557e-09,1.34003e-09,3.04257e-10,0,0,0,0,0,0,0,0,0,5.37305e-10,2.20101e-10,4.33729e-10,3.75466e-10,1.48892e-10,7.76827e-11,1.22998e-10,0,0,0,0,0,0
0,0,0,0,0,0,0,0,0,0,0,0,0,0,0,3.7496e-09,6.89927e-09,2.23893e-08,1.10188e-07,5.80297e-07,8.43178e-08,1.10522e-07,9.79574e-08,1.19409e-07,8.55442e-07,7.37291e-07,6.90808e-07,5.86356e-07,5.05989e-07,4.79448e-07,3.93814e-07,3.30424e-07,5.68739e-08,6.00383e-08,6.01611e-08,5.5845e-08,5.28865e-08,5.1148e-08,4.74952e-08,4.40998e-08,4.28691e-08,4.29241e-08,4.14283e-08,4.13998e-08,4.08585e-08,3.83947e-08,3.1333e-08,2.59893e-08,2.34375e-08,2.57222e-08,2.51691e-08,2.26333e-08,1.91784e-08,2.05204e-08,2.01037e-08,1.79981e-08,1.4728e-08,1.52459e-08,1.36611e-08,1.24127e-08,9.35857e-09,9.47963e-09,8.051e-09,8.15466e-09,5.92738e-09,4.76277e-09,4.18151e-09,3.51851e-09,3.7147e-09,2.51079e-09,2.34556e-09,1.63316e-09,2.04293e-09,1.20287e-09,1.22096e-09,8.39016e-10,4.7586e-10,2.8802e-10,6.1987e-10,2.94282e-10,1.87839e-11,1.25226e-11,0,5.38473e-10,6.13609e-10,5.32212e-10,3.50633e-10,2.56714e-10,0,0,0,2.81759e-10,2.69236e-10,0,0,0,0,0,0,0
0,0,0,0,0,0,0,0,0,0,0,0,0,0,0,0,6.24457e-09,1.28603e-08,6.88678e-08,5.02688e-07,7.00352e-08,7.22363e-08,1.09255e-07,9.83294e-08,6.85381e-07,5.97211e-07,5.7665e-07,5.20933e-07,5.08101e-07,4.27979e-07,3.60625e-07,3.05216e-07,5.64665e-08,5.10631e-08,5.13982e-08,4.23543e-08,4.06332e-08,4.00262e-08,3.90316e-08,3.46804e-08,3.36313e-08,3.38283e-08,3.23241e-08,3.11261e-08,3.24221e-08,3.03841e-08,2.70884e-08,2.56873e-08,2.65162e-08,2.11337e-08,1.51961e-08,1.28954e-08,1.43046e-08,1.04316e-08,1.02006e-08,9.85095e-09,1.17105e-08,8.12481e-09,9.47946e-09,9.12682e-09,8.76744e-09,9.10526e-09,7.68292e-09,7.72469e-09,5.65366e-09,5.5735e-09,5.29799e-09,3.89788e-09,5.09152e-09,2.92787e-09,2.69783e-09,1.52742e-09,9.76069e-10,2.07676e-09,1.62779e-09,9.77753e-10,4.72878e-10,1.03063e-10,5.45629e-10,3.21315e-10,5.75941e-10,8.97256e-10,7.03255e-10,3.39502e-10,0,0,2.42502e-10,4.42565e-10,1.57626e-10,0,0,0,0,0,0,0,0,0,0,0
0,0,0,0,0,0,0,0,0,0,0,0,0,0,0,0,0,8.23412e-09,8.99732e-08,4.59797e-07,7.49786e-08,7.83144e-08,9.54202e-08,1.03876e-07,6.81188e-07,5.516e-07,5.09038e-07,4.59086e-07,4.08149e-07,3.7006e-07,3.21456e-07,2.36711e-07,4.43821e-08,4.42949e-08,4.37445e-08,3.84006e-08,3.63623e-08,3.35484e-08,3.41232e-08,3.29327e-08,2.85802e-08,2.43769e-08,2.49511e-08,2.45806e-08,2.07563e-08,1.84167e-08,1.90092e-08,1.97355e-08,1.52048e-08,1.45705e-08,1.51653e-08,1.47608e-08,1.19903e-08,1.00516e-08,9.41172e-09,9.86548e-09,1.08242e-08,9.12086e-09,9.29942e-09,7.37112e-09,5.75195e-09,5.00537e-09,4.29993e-09,4.86533e-09,6.1698e-09,4.67599e-09,4.25586e-09,6.63825e-09,5.67328e-09,3.57065e-09,4.92441e-09,4.37044e-09,3.1182e-09,2.05921e-09,4.19481e-10,5.88906e-10,4.0577e-10,5.17088e-10,2.6442e-10,3.5256e-10,2.58544e-10,7.6388e-11,3.34932e-10,1.41024e-10,1.64528e-10,0,0,0,2.3504e-11,0,0,0,0,0,0,0,0,0,0,0
0,0,0,0,0,0,0,0,0,0,0,0,0,0,0,0,4.09658e-09,1.28511e-08,5.29066e-08,3.99819e-07,5.43013e-08,6.25048e-08,7.47725e-08,8.15084e-08,6.25204e-07,4.96375e-07,4.55774e-07,4.63695e-07,3.74118e-07,3.71498e-07,2.87161e-07,2.25651e-07,4.08543e-08,3.72635e-08,3.84908e-08,3.86158e-08,3.75992e-08,3.42885e-08,3.21476e-08,3.26822e-08,2.95088e-08,2.84878e-08,2.48901e-08,2.53962e-08,2.38244e-08,2.13788e-08,1.8601e-08,1.78229e-08,1.59199e-08,1.30335e-08,1.32352e-08,1.18002e-08,1.39788e-08,1.23405e-08,1.09296e-08,8.26175e-09,8.24623e-09,8.84796e-09,6.98102e-09,5.45547e-09,6.84768e-09,6.27889e-09,4.68019e-09,4.28115e-09,3.67118e-09,3.23794e-09,3.87071e-09,3.48307e-09,3.12393e-09,3.8137e-09,2.91871e-09,1.9496e-09,1.09451e-09,1.03181e-09,9.23497e-10,4.56048e-10,8.43688e-10,9.29197e-10,3.47736e-10,3.02132e-10,5.58659e-10,4.38946e-10,4.33245e-10,2.73629e-10,9.69102e-11,0,0,0,0,0,0,0,0,0,0,0,0,0,0,0
0,0,0,0,0,0,0,0,0,0,0,0,0,2.65189e-10,6.62973e-10,1.72373e-09,7.69049e-09,9.67941e-09,5.13215e-08,3.46705e-07,6.45298e-08,5.87565e-08,7.39206e-08,7.9767e-08,5.77665e-07,4.80852e-07,4.40042e-07,4.09581e-07,3.59399e-07,3.29189e-07,2.57092e-07,2.12102e-07,4.2371e-08,4.07947e-08,3.75359e-08,3.41467e-08,2.97609e-08,2.97101e-08,3.04282e-08,2.71596e-08,2.2465e-08,2.21009e-08,1.97028e-08,1.92572e-08,1.58185e-08,1.67755e-08,1.57659e-08,1.5475e-08,1.2394e-08,1.09102e-08,9.40458e-09,8.79569e-09,7.50595e-09,6.76421e-09,7.3565e-09,7.17568e-09,6.85432e-09,6.11934e-09,7.53701e-09,6.26788e-09,5.15096e-09,6.30201e-09,5.73771e-09,4.54177e-09,4.52208e-09,4.47626e-09,2.68465e-09,2.06469e-09,1.59418e-09,2.00934e-09,1.30635e-09,1.70489e-09,1.04864e-09,6.69779e-10,3.21051e-10,2.67543e-10,6.0889e-11,3.98546e-10,8.08163e-10,4.81577e-10,5.81213e-10,7.91557e-10,6.0889e-10,5.53536e-11,2.10344e-10,8.85658e-11,0,0,0,0,0,0,0,0,0,0,0,0,0,0
0,0,0,0,0,0,0,0,0,0,0,0,0,1.2886e-09,3.60807e-09,4.51008e-09,3.35035e-09,1.06953e-08,4.50292e-08,3.66398e-07,5.83087e-08,5.90545e-08,6.47717e-08,6.81807e-08,5.11363e-07,4.40538e-07,3.93386e-07,3.80849e-07,3.13599e-07,2.9046e-07,2.27535e-07,1.79971e-07,2.94345e-08,2.68825e-08,3.01186e-08,2.73404e-08,2.45317e-08,2.15198e-08,2.13357e-08,2.24048e-08,2.12123e-08,2.23486e-08,1.59593e-08,1.64139e-08,1.79643e-08,1.61168e-08,1.25248e-08,1.12188e-08,1.08626e-08,1.13805e-08,1.11142e-08,9.07182e-09,9.49202e-09,7.98488e-09,8.22307e-09,7.63521e-09,6.55425e-09,8.25714e-09,6.2778e-09,4.5782e-09,4.21688e-09,2.49606e-09,2.39385e-09,2.23874e-09,2.86575e-09,3.27757e-09,3.84331e-09,1.83678e-09,2.22111e-09,1.67629e-09,1.22412e-09,1.83797e-09,1.67868e-09,6.62268e-10,7.68662e-10,2.36695e-10,8.33813e-10,4.84149e-11,0,0,1.07589e-10,3.22766e-11,2.15177e-11,0,0,0,0,0,0,0,0,0,0,0,0,0,0,0,0,0
0,0,0,0,0,0,0,0,0,0,0,0,0,0,0,0,2.50658e-09,7.51975e-09,4.63022e-08,3.03129e-07,3.61612e-08,4.81113e-08,5.67803e-08,6.66581e-08,4.3833e-07,3.90153e-07,3.85385e-07,3.26439e-07,2.76669e-07,2.16297e-07,1.88492e-07,1.75368e-07,2.74538e-08,2.81069e-08,2.41285e-08,2.5744e-08,2.67803e-08,2.35533e-08,1.98469e-08,1.97004e-08,1.92871e-08,1.77797e-08,1.56595e-08,1.62124e-08,1.53965e-08,1.46207e-08,1.5643e-08,1.24537e-08,1.35298e-08,1.23497e-08,1.26784e-08,9.62524e-09,9.94904e-09,8.95059e-09,6.92753e-09,7.47777e-09,7.94226e-09,5.90786e-09,5.42826e-09,3.6886e-09,2.24455e-09,1.70565e-09,1.25046e-09,1.98818e-09,1.40742e-09,1.42835e-09,1.27662e-09,1.41353e-09,1.68705e-09,5.99361e-10,7.6388e-10,9.6793e-10,1.12489e-09,1.01502e-09,7.95272e-10,8.10969e-10,1.06734e-09,5.02277e-10,1.41265e-10,1.7789e-10,3.24387e-10,1.67426e-10,0,0,0,0,0,0,0,0,0,0,0,0,0,0,0,0,0,0
0,0,0,0,0,0,0,0,0,0,0,0,0,0,0,0,6.09935e-10,1.08568e-08,2.56173e-08,3.08661e-07,4.67611e-08,4.30632e-08,5.95691e-08,6.63597e-08,4.61904e-07,3.94561e-07,3.44622e-07,2.95168e-07,2.48485e-07,2.14532e-07,2.05384e-07,1.66906e-07,3.1368e-08,2.3854e-08,2.55224e-08,2.47834e-08,2.14073e-08,1.98422e-08,2.09665e-08,1.86523e-08,1.86093e-08,1.64684e-08,1.52482e-08,1.70563e-08,1.29659e-08,1.25797e-08,1.19618e-08,1.07956e-08,1.10528e-08,7.21131e-09,7.64672e-09,7.52846e-09,6.34473e-09,5.1808e-09,6.09463e-09,4.69277e-09,5.55793e-09,4.55046e-09,4.39599e-09,4.52868e-09,3.59052e-09,3.31524e-09,2.85182e-09,2.31937e-09,2.32531e-09,2.37538e-09,1.88594e-09,2.20846e-09,1.59029e-09,1.3085e-09,1.69695e-09,5.7489e-10,2.14735e-10,4.53236e-10,1.78239e-10,2.74997e-10,5.75173e-10,4.36826e-10,6.75609e-10,6.81834e-11,1.12036e-10,2.99328e-10,4.83791e-11,0,0,0,0,0,0,0,0,0,0,0,0,0,0,0,0,0
0,0,0,0,0,0,0,0,0,0,0,0,0,0,0,0,1.66346e-09,1.25948e-08,3.36719e-08,2.65711e-07,5.08183e-08,4.83625e-08,5.78582e-08,6.25732e-08,4.06531e-07,3.52874e-07,3.35261e-07,3.06339e-07,2.71415e-07,2.3691e-07,1.76539e-07,1.39054e-07,2.59838e-08,2.72351e-08,2.63158e-08,2.93432e-08,2.4289e-08,2.34722e-08,2.18858e-08,1.91521e-08,1.87558e-08,1.81127e-08,1.72838e-08,1.52106e-08,1.66144e-08,1.07569e-08,1.13469e-08,9.57744e-09,7.15049e-09,7.52747e-09,6.79941e-09,7.32741e-09,6.58419e-09,6.91515e-09,5.80295e-09,5.50176e-09,4.95861e-09,3.41652e-09,2.99269e-09,2.93895e-09,4.68304e-09,4.65824e-09,2.79483e-09,2.55453e-09,1.75097e-09,1.25991e-09,1.15078e-09,1.41753e-09,6.99397e-10,6.29953e-10,8.48204e-10,7.14829e-10,1.00941e-09,1.05929e-09,8.36355e-10,3.07536e-10,3.11394e-10,1.8849e-10,1.34478e-10,6.14521e-10,5.77319e-10,5.76768e-10,2.81081e-10,2.14669e-10,4.03159e-10,1.98962e-10,1.57075e-11,0,0,0,0,0,0,0,0,0,0,0,0,0
0,0,0,0,0,0,0,0,0,0,0,0,0,0,0,0,0,1.27906e-08,3.65639e-08,2.46271e-07,3.8553e-08,4.37551e-08,4.72658e-08,5.23721e-08,3.4991e-07,2.9632e-07,2.76584e-07,2.27653e-07,2.23618e-07,2.01702e-07,1.80317e-07,1.60397e-07,2.8443e-08,2.73587e-08,2.36988e-08,1.81964e-08,1.97709e-08,2.04658e-08,1.9415e-08,1.7316e-08,1.66077e-08,1.29626e-08,1.19062e-08,1.2427e-08,1.12906e-08,1.10806e-08,1.09242e-08,1.00937e-08,8.31163e-09,7.89826e-09,7.93157e-09,7.37907e-09,5.53437e-09,5.69015e-09,7.02641e-09,3.10843e-09,3.47829e-09,2.20891e-09,1.6908e-09,1.2589e-09,3.24166e-09,2.26183e-09,3.51965e-09,3.00234e-09,2.08858e-09,2.1611e-09,2.369e-09,1.87586e-09,2.12243e-09,1.46007e-09,9.57267e-10,1.49875e-10,0,5.10328e-12,1.53098e-11,2.29647e-10,1.07169e-10,0,0,0,0,0,0,0,0,0,0,0,0,0,0,0,0,0,0,0,0,0,0,0
0,0,0,0,0,0,0,0,0,0,0,0,0,0,0,2.25902e-10,1.80722e-09,4.88199e-09,2.96308e-08,2.09907e-07,3.03175e-08,4.15231e-08,4.26436e-08,4.21767e-08,2.95473e-07,2.3472e-07,2.29315e-07,2.131e-07,1.97887e-07,1.77573e-07,1.47325e-07,1.2883e-07,2.13491e-08,2.2606e-08,1.96757e-08,1.73332e-08,1.69091e-08,1.3984e-08,1.46861e-08,1.82168e-08,1.65324e-08,1.37407e-08,1.17636e-08,1.26045e-08,9.98729e-09,7.91596e-09,8.53392e-09,7.63592e-09,7.33073e-09,6.89509e-09,6.76254e-09,6.10135e-09,4.9385e-09,3.88725e-09,5.44513e-09,5.08756e-09,4.53325e-09,3.21584e-09,3.54591e-09,2.64057e-09,2.47082e-09,1.91913e-09,1.3863e-09,2.98951e-09,2.63114e-09,1.17018e-09,9.97812e-10,1.08688e-09,1.221e-09,8.91717e-10,1.05309e-09,5.70552e-10,6.55428e-10,1.03318e-09,2.38909e-10,1.74466e-10,1.55605e-10,0,0,0,0,0,0,0,0,0,0,0,0,0,0,0,0,0,0,0,0,0,0,0
0,0,0,0,0,0,0,0,0,0,0,0,0,0,0,0,3.41711e-09,8.81834e-09,1.77775e-08,1.91242e-07,3.56319e-08,3.83962e-08,4.33476e-08,5.322e-08,2.63999e-07,2.03536e-07,2.09292e-07,1.84276e-07,1.63878e-07,1.34681e-07,1.12712e-07,9.94004e-08,1.71116e-08,1.81375e-08,1.87301e-08,1.62762e-08,1.8959e-08,1.51912e-08,1.38646e-08,1.09932e-08,1.30885e-08,1.44565e-08,1.37631e-08,1.2457e-08,1.15876e-08,1.09612e-08,9.37185e-09,9.08731e-09,8.02534e-09,6.80027e-09,7.42789e-09,6.31351e-09,6.48838e-09,6.90253e-09,5.48061e-09,2.62296e-09,1.69547e-09,2.0227e-09,2.71167e-09,2.77865e-09,3.25876e-09,2.79118e-09,1.83096e-09,1.34369e-09,5.29194e-10,4.35115e-10,4.10828e-10,5.29194e-10,4.61958e-10,2.1449e-10,6.06656e-10,5.66263e-10,5.68053e-10,8.72787e-10,5.81602e-10,9.20337e-11,0,0,0,0,0,0,0,0,0,0,0,0,0,0,0,0,0,0,0,0,0,0,0,0
0,0,0,0,0,0,0,0,0,0,0,0,0,0,0,0,1.72217e-09,5.70469e-09,1.73293e-08,1.94199e-07,2.73187e-08,3.48231e-08,4.33954e-08,4.33954e-08,2.42994e-07,2.06621e-07,1.90897e-07,1.8387e-07,1.60597e-07,1.43134e-07,1.1706e-07,9.17762e-08,1.8439e-08,1.724e-08,1.70213e-08,1.62779e-08,1.71955e-08,1.55567e-08,1.42094e-08,1.31362e-08,1.14854e-08,1.01506e-08,9.88126e-09,8.50703e-09,7.60485e-09,7.76661e-09,8.32829e-09,7.33774e-09,8.3218e-09,6.99799e-09,6.94332e-09,6.84372e-09,6.35294e-09,6.03715e-09,5.51142e-09,5.40108e-09,5.1477e-09,3.60072e-09,2.55251e-09,2.19628e-09,1.54449e-09,1.80161e-09,2.00032e-09,1.3283e-09,1.78039e-09,1.37299e-09,1.80635e-09,5.21236e-10,5.70663e-10,3.77447e-10,1.75243e-10,1.66256e-10,1.9771e-10,3.14539e-10,2.05199e-10,1.51777e-10,9.01179e-11,0,0,0,0,0,0,0,0,0,0,0,0,0,0,0,0,0,0,0,0,0,0,0
0,0,0,0,0,0,0,0,0,0,0,0,0,0,0,0,2.41871e-09,1.00955e-08,1.93497e-08,1.99444e-07,2.93278e-08,3.91521e-08,3.97896e-08,3.72974e-08,2.46768e-07,2.11357e-07,1.82245e-07,1.57411e-07,1.46431e-07,1.34624e-07,1.01278e-07,8.62833e-08,1.62654e-08,1.59166e-08,1.52274e-08,1.59003e-08,1.32521e-08,1.18836e-08,1.32991e-08,1.20704e-08,9.94581e-09,9.72557e-09,7.5149e-09,5.73349e-09,6.89687e-09,7.27881e-09,5.71593e-09,5.80568e-09,5.75495e-09,4.74011e-09,3.27064e-09,4.58328e-09,3.67453e-09,2.81845e-09,3.22673e-09,2.3531e-09,1.61556e-09,1.52776e-09,1.48825e-09,1.5263e-09,1.51459e-09,1.73849e-09,2.12116e-09,1.3785e-09,9.92166e-10,1.18533e-09,1.11509e-09,4.56572e-10,6.40957e-10,7.5949e-10,3.02918e-10,4.96083e-10,2.59017e-10,1.71214e-10,0,0,0,0,0,0,0,0,0,0,0,0,0,0,0,0,0,0,0,0,0,0,0,0,0,0
0,0,0,0,0,0,0,0,0,0,0,0,0,0,0,0,0,5.65389e-09,2.1382e-08,1.80342e-07,2.35413e-08,2.86688e-08,3.22949e-08,3.26631e-08,2.01142e-07,1.8431e-07,1.48855e-07,1.54277e-07,1.36755e-07,1.08649e-07,9.82473e-08,7.84189e-08,1.41516e-08,1.21608e-08,1.00694e-08,9.12532e-09,1.04626e-08,1.06323e-08,9.21639e-09,1.03746e-08,9.20518e-09,9.71849e-09,7.55631e-09,6.13679e-09,5.4287e-09,5.052e-09,5.40867e-09,5.30496e-09,5.30115e-09,4.11146e-09,3.05981e-09,2.39034e-09,2.44613e-09,1.93545e-09,2.27447e-09,2.08136e-09,2.77228e-09,2.66071e-09,1.32606e-09,1.61359e-09,2.1114e-09,1.57497e-09,1.63934e-09,1.15869e-09,1.02566e-09,6.05096e-10,5.36433e-10,4.80644e-10,4.46312e-10,2.14573e-10,5.5789e-11,2.78945e-10,2.66071e-10,1.4591e-10,1.97407e-10,2.10282e-10,1.50201e-10,0,0,0,0,0,0,0,0,0,0,0,0,0,0,0,0,0,0,0,0,0,0,0
0,0,0,0,0,0,0,0,0,0,0,0,0,0,0,0,5.02694e-10,1.00259e-08,3.09492e-08,1.43608e-07,2.05026e-08,3.45774e-08,3.10033e-08,3.29981e-08,1.79985e-07,1.74165e-07,1.44255e-07,1.35768e-07,1.11491e-07,1.02585e-07,7.70896e-08,6.76882e-08,1.2345e-08,1.20164e-08,1.17797e-08,1.28167e-08,9.89593e-09,8.53372e-09,1.0262e-08,9.23581e-09,8.57336e-09,6.77256e-09,6.7152e-09,8.36631e-09,6.62402e-09,5.99469e-09,4.53058e-09,4.06493e-09,3.2831e-09,2.13378e-09,2.491e-09,2.28838e-09,2.31426e-09,2.28534e-09,2.602e-09,2.72558e-09,2.03305e-09,2.30097e-09,2.17132e-09,2.05613e-09,1.21297e-09,7.80669e-10,7.21909e-10,3.77743e-10,4.65883e-10,4.59121e-10,7.65512e-10,6.18379e-10,1.029e-09,5.57287e-10,3.32973e-10,2.39237e-10,2.46932e-10,2.68617e-10,2.51829e-10,2.43434e-10,2.14054e-10,1.63689e-10,0,0,0,0,0,0,0,0,0,0,0,0,0,0,0,0,0,0,0,0,0,0
0,0,0,0,0,0,0,0,0,0,0,0,0,0,0,0,6.23052e-10,5.64026e-09,1.60135e-08,1.25479e-07,2.35047e-08,3.03636e-08,2.88726e-08,2.20136e-08,1.66527e-07,1.53197e-07,1.50172e-07,1.24199e-07,1.15713e-07,1.02677e-07,7.95103e-08,6.1131e-08,1.05538e-08,1.15004e-08,9.70844e-09,8.3445e-09,1.01162e-08,1.09476e-08,8.4871e-09,8.27514e-09,7.58792e-09,7.18841e-09,6.98124e-09,7.77387e-09,6.38985e-09,6.74464e-09,5.05557e-09,5.21985e-09,4.74345e-09,4.20043e-09,3.86275e-09,3.41852e-09,3.18603e-09,3.52804e-09,2.55471e-09,1.77828e-09,1.56062e-09,2.59715e-09,2.25536e-09,1.36987e-09,1.58115e-09,1.16955e-09,8.13163e-10,1.76801e-09,5.19749e-10,4.26203e-10,5.17467e-10,5.09253e-10,6.13523e-10,1.04999e-09,6.18086e-10,5.28647e-10,6.75354e-10,2.34092e-10,6.16032e-11,1.39634e-10,0,0,0,0,1.02672e-10,2.83375e-10,4.10688e-11,0,0,0,0,0,0,0,0,0,0,0,0,0,0,0,0,0
0,0,0,0,0,0,0,0,0,0,0,0,0,0,0,2.21503e-09,0,5.2433e-09,1.69391e-08,1.06295e-07,2.68847e-08,2.2081e-08,3.02552e-08,2.77339e-08,1.5002e-07,1.28983e-07,1.2314e-07,1.19964e-07,1.14375e-07,9.23074e-08,7.51639e-08,6.34324e-08,9.81385e-09,8.86503e-09,9.14646e-09,8.06385e-09,7.78354e-09,7.52355e-09,9.6671e-09,7.71921e-09,7.82798e-09,6.06592e-09,7.17422e-09,5.30874e-09,5.3992e-09,5.26117e-09,4.85734e-09,4.48411e-09,4.02824e-09,5.50574e-09,4.70791e-09,4.12495e-09,4.68156e-09,4.20692e-09,2.30795e-09,2.02629e-09,2.62131e-09,2.20721e-09,1.02923e-09,1.05737e-09,1.1016e-09,1.49627e-09,1.71225e-09,1.79623e-09,1.14984e-09,1.83331e-09,1.44333e-09,7.07594e-10,2.33184e-10,1.32674e-10,7.6388e-11,1.84939e-10,1.32674e-10,1.32674e-10,4.14103e-10,8.84493e-11,1.68858e-10,1.76899e-10,3.09572e-10,2.01021e-10,1.16592e-10,1.20613e-11,3.41736e-10,1.40715e-10,2.57307e-10,1.44735e-10,2.21123e-10,6.83472e-11,7.23676e-11,0,0,0,0,0,0,0,0,0,0,0
0,0,0,0,0,0,0,0,0,0,0,0,0,0,7.54559e-10,8.48879e-10,1.79208e-09,7.63991e-09,9.32719e-09,1.42764e-07,2.45369e-08,3.1009e-08,2.53426e-08,3.05671e-08,1.56276e-07,1.30729e-07,1.21626e-07,1.10168e-07,9.16708e-08,8.6402e-08,7.6006e-08,5.38029e-08,1.07886e-08,9.62725e-09,1.11471e-08,1.03104e-08,1.01936e-08,9.61238e-09,7.31155e-09,8.55318e-09,7.15514e-09,6.92414e-09,6.09945e-09,6.81236e-09,6.96986e-09,7.07005e-09,6.12613e-09,4.62441e-09,5.61032e-09,4.1799e-09,3.92965e-09,3.66321e-09,2.80746e-09,2.49114e-09,2.46642e-09,3.03715e-09,2.1512e-09,2.80417e-09,2.53358e-09,2.20808e-09,1.72267e-09,2.1477e-09,2.04751e-09,1.30507e-09,9.13506e-10,7.59943e-10,3.93753e-10,9.45006e-11,3.3469e-10,1.92939e-10,3.8194e-10,2.55939e-10,2.79564e-10,3.5044e-10,1.96876e-10,8.66256e-11,0,0,7.08755e-11,0,0,0,0,0,0,0,3.15002e-11,2.63814e-10,0,0,0,0,0,0,0,0,0,0,0,0
0,0,0,0,0,0,0,0,0,0,0,0,0,0,4.62072e-10,1.2938e-09,2.21795e-09,3.51175e-09,1.84777e-08,1.30376e-07,2.49071e-08,2.84725e-08,2.24877e-08,2.71736e-08,1.52384e-07,1.55044e-07,1.37262e-07,1.2169e-07,1.03895e-07,7.44525e-08,6.30665e-08,5.89062e-08,1.14481e-08,9.69939e-09,7.45769e-09,6.60658e-09,6.12797e-09,5.45711e-09,5.01066e-09,4.28622e-09,3.94671e-09,4.29093e-09,4.50162e-09,4.83405e-09,4.44054e-09,4.86877e-09,5.20056e-09,4.98837e-09,4.71059e-09,3.35258e-09,2.80218e-09,2.84505e-09,2.15061e-09,2.80132e-09,2.54391e-09,2.84505e-09,2.83111e-09,2.44424e-09,2.0323e-09,1.83254e-09,1.33872e-09,9.76069e-10,8.64188e-10,1.11303e-09,3.74224e-10,1.35029e-10,1.92899e-10,4.16662e-10,3.00922e-10,3.66508e-10,3.31786e-10,3.4336e-10,3.16354e-10,3.58792e-10,2.73917e-10,3.58792e-10,4.0123e-10,2.35337e-10,1.69751e-10,1.77467e-10,1.31171e-10,1.58177e-10,1.11881e-10,0,0,0,0,0,0,0,0,0,0,0,0,0,0,0,0,0
0,0,0,0,0,0,0,0,0,0,0,0,0,0,0,0,0,2.71753e-10,1.40255e-08,1.31227e-07,1.84477e-08,2.16679e-08,2.74593e-08,2.5662e-08,1.46848e-07,1.39891e-07,1.17379e-07,9.96744e-08,8.9952e-08,7.79275e-08,6.47469e-08,5.07402e-08,8.18629e-09,8.98504e-09,6.58059e-09,5.7749e-09,7.33922e-09,6.87996e-09,7.40581e-09,6.67513e-09,6.1373e-09,7.03585e-09,5.36901e-09,4.54525e-09,3.94545e-09,4.64e-09,4.16983e-09,2.70972e-09,2.99354e-09,3.48494e-09,3.78242e-09,2.5698e-09,1.9929e-09,1.96264e-09,2.45047e-09,1.51642e-09,1.2933e-09,1.60738e-09,1.7826e-09,1.79457e-09,9.83212e-10,1.2328e-09,1.24351e-09,1.13069e-09,1.41053e-09,1.48238e-09,6.65559e-10,8.5842e-10,7.82788e-10,2.57148e-10,1.51263e-10,1.6639e-10,1.85298e-10,1.28574e-10,1.47482e-10,1.77734e-10,0,1.73953e-10,0,0,0,1.55045e-10,1.09666e-10,1.85298e-10,1.77734e-10,1.92861e-10,0,0,0,3.40343e-11,0,0,0,0,0,0,0,0,0,0
0,0,0,0,0,0,0,0,0,0,0,0,0,0,0,0,0,3.55302e-09,1.41775e-08,1.06522e-07,1.6327e-08,2.16388e-08,2.07821e-08,1.59599e-08,1.48828e-07,1.30719e-07,1.30746e-07,1.05954e-07,9.87368e-08,7.6281e-08,5.49811e-08,4.86139e-08,1.05042e-08,9.91005e-09,9.34084e-09,8.86105e-09,7.22205e-09,6.20374e-09,5.11355e-09,6.34115e-09,7.46555e-09,6.82053e-09,7.67897e-09,6.90974e-09,5.01816e-09,4.34225e-09,3.67066e-09,3.26503e-09,2.35118e-09,1.23852e-09,1.55372e-09,1.65013e-09,1.34977e-09,1.40539e-09,1.39427e-09,1.12728e-09,1.47214e-09,2.3658e-09,1.29785e-09,1.53312e-09,1.39736e-09,1.31887e-09,5.2903e-10,5.30266e-10,4.89477e-10,5.78472e-10,5.08017e-10,3.85648e-10,6.93425e-10,3.55983e-10,4.93185e-10,3.8194e-10,1.37202e-10,7.78713e-11,0,0,0,1.77991e-10,1.74283e-10,2.78112e-10,2.33614e-10,1.70575e-10,7.41631e-11,1.85408e-10,1.11245e-11,2.92944e-10,1.74283e-10,2.66987e-10,8.89957e-11,1.70575e-10,0,0,0,0,0,0,0,0,0,0
0,0,0,0,0,0,0,0,0,0,0,0,0,0,0,0,0,2.17834e-09,1.19518e-08,9.19017e-08,1.95218e-08,1.95938e-08,2.12747e-08,2.3844e-08,1.34368e-07,1.1547e-07,1.0174e-07,9.84963e-08,7.49443e-08,7.28777e-08,6.25178e-08,4.55752e-08,7.36801e-09,8.00841e-09,8.06096e-09,6.42589e-09,6.3685e-09,4.75586e-09,5.74648e-09,4.40686e-09,3.00803e-09,2.84818e-09,3.32106e-09,4.17952e-09,4.37938e-09,4.64269e-09,4.9919e-09,3.83577e-09,4.31774e-09,3.81576e-09,2.68449e-09,2.49777e-09,2.08612e-09,1.89151e-09,2.09885e-09,1.83695e-09,1.6187e-09,9.63944e-10,8.69368e-10,1.09126e-09,8.69368e-10,6.69304e-10,1.06943e-09,9.02106e-10,7.2023e-10,6.29292e-10,6.87492e-10,3.34652e-10,2.43714e-10,3.9649e-10,2.29164e-10,4.87428e-10,9.53031e-10,4.43778e-10,5.78366e-10,2.87364e-10,2.07339e-10,1.52776e-10,0,0,0,0,0,0,0,0,0,3.31015e-10,0,0,0,0,0,0,0,0,0,0,0,0
0,0,0,0,0,0,0,0,0,0,0,0,0,0,0,0,0,1.02606e-09,3.59121e-09,6.15683e-08,2.08535e-08,1.65885e-08,1.70362e-08,2.33747e-08,1.23899e-07,1.08388e-07,9.17433e-08,8.61586e-08,7.23643e-08,6.20316e-08,6.51509e-08,4.65564e-08,7.34848e-09,7.1234e-09,7.38933e-09,5.3545e-09,6.39581e-09,6.06107e-09,5.717e-09,6.32739e-09,7.18388e-09,5.93375e-09,6.17053e-09,3.82694e-09,4.20194e-09,3.08765e-09,2.84056e-09,3.99173e-09,3.33692e-09,2.93654e-09,2.63868e-09,1.99041e-09,2.38365e-09,2.21529e-09,2.71582e-09,1.68839e-09,9.85191e-10,1.08871e-09,3.99788e-10,3.53384e-10,3.8551e-10,4.96165e-10,2.17742e-10,7.49602e-11,0,1.07086e-10,2.07033e-10,1.5349e-10,1.4992e-10,1.28503e-10,1.92755e-10,3.92649e-11,3.56953e-12,1.96324e-10,7.13907e-11,1.21364e-10,2.3202e-10,1.71338e-10,1.67768e-10,0,0,0,0,0,0,0,0,0,0,0,0,0,0,0,0,0,0,0,0,0
0,0,0,0,0,0,0,0,0,0,0,0,0,0,0,0,8.85991e-11,2.07509e-09,7.90864e-09,6.78903e-08,1.79496e-08,2.1743e-08,1.62841e-08,2.08641e-08,1.16848e-07,9.31384e-08,9.48304e-08,8.41692e-08,7.58303e-08,6.20603e-08,4.06773e-08,4.01288e-08,6.11961e-09,4.63409e-09,4.58678e-09,4.56226e-09,3.80986e-09,4.51962e-09,4.09369e-09,4.82155e-09,4.7725e-09,4.74797e-09,4.6008e-09,3.83848e-09,4.48848e-09,3.83692e-09,3.65121e-09,3.09056e-09,2.65956e-09,3.06876e-09,2.15498e-09,1.9097e-09,2.4318e-09,2.2531e-09,1.8404e-09,1.18826e-09,1.22038e-09,8.435e-10,2.6728e-10,1.29649e-10,7.00807e-12,0,0,0,1.7014e-10,1.84935e-10,2.07128e-10,1.36852e-10,6.65767e-11,0,0,0,0,0,0,0,0,0,0,0,0,0,0,0,0,0,0,0,0,0,0,0,0,0,0,0,0,0,0,0
0,0,0,0,0,0,0,0,0,0,0,0,0,0,0,4.94542e-10,1.96901e-09,4.45088e-09,1.22628e-08,6.658e-08,1.76489e-08,1.80123e-08,1.5173e-08,1.63769e-08,1.01572e-07,9.58995e-08,8.63563e-08,8.45137e-08,7.10262e-08,5.57695e-08,4.69322e-08,3.39008e-08,6.90589e-09,5.70673e-09,5.05124e-09,4.41716e-09,5.24374e-09,3.51584e-09,3.43631e-09,2.56099e-09,3.0452e-09,2.39143e-09,1.93379e-09,2.50842e-09,2.1196e-09,2.33637e-09,2.03357e-09,3.07961e-09,2.42928e-09,2.74928e-09,1.93035e-09,1.16647e-09,1.88217e-09,1.43486e-09,5.43662e-10,7.39794e-10,8.87179e-10,1.31844e-09,5.05812e-10,5.47103e-10,3.57854e-10,1.27313e-10,0,9.80657e-11,3.7047e-10,0,1.82368e-10,2.58068e-10,3.09681e-11,8.60225e-11,2.64949e-10,7.22589e-11,0,0,0,0,0,0,0,0,0,0,0,0,0,0,0,0,0,0,0,0,0,0,0,0,0,0,0,0
0,0,0,0,0,0,0,0,0,0,0,0,0,0,0,4.85789e-10,8.90613e-10,2.91473e-09,4.69596e-09,6.54331e-08,1.56854e-08,1.65333e-08,1.77381e-08,1.49937e-08,1.12955e-07,8.95285e-08,8.15658e-08,5.97825e-08,5.27765e-08,5.69751e-08,3.57254e-08,2.63579e-08,5.53344e-09,5.46152e-09,4.80974e-09,4.07609e-09,4.08811e-09,3.40366e-09,3.01158e-09,3.52196e-09,2.59922e-09,2.14968e-09,2.05504e-09,1.44664e-09,1.86914e-09,1.859e-09,1.48044e-09,1.84548e-09,1.7576e-09,1.22018e-09,1.38918e-09,1.6224e-09,1.28102e-09,1.36214e-09,1.06808e-09,8.1458e-10,4.394e-10,6.7262e-10,1.17962e-09,1.51086e-09,8.8894e-10,6.8276e-10,4.46536e-10,2.46177e-10,2.84671e-10,3.211e-10,4.7996e-10,4.0898e-10,1.6562e-10,8.45e-11,3.042e-11,1.3182e-10,1.6562e-10,1.2844e-10,3.718e-11,0,0,0,0,0,0,0,0,0,0,0,0,0,0,0,0,0,0,0,0,0,0,0,0,0
0,0,0,0,0,0,0,0,0,0,0,0,0,0,0,0,2.86404e-09,4.69385e-09,9.30814e-09,6.42686e-08,1.15101e-08,1.82847e-08,1.54565e-08,1.19048e-08,8.78896e-08,8.51112e-08,8.07755e-08,7.42674e-08,6.80934e-08,4.39194e-08,4.91223e-08,4.09795e-08,5.65677e-09,5.25859e-09,3.73785e-09,3.73194e-09,3.66201e-09,4.70229e-09,3.5644e-09,3.01954e-09,2.90736e-09,2.84628e-09,2.67284e-09,3.12434e-09,3.39189e-09,2.78373e-09,2.5387e-09,2.25179e-09,1.644e-09,1.69714e-09,1.50119e-09,1.15062e-09,1.09748e-09,1.28328e-09,1.03474e-09,1.08678e-09,1.07478e-09,1.09859e-09,7.95801e-10,1.38236e-09,1.00854e-09,1.10615e-09,1.02755e-09,5.94498e-10,1.59418e-10,8.96729e-11,0,0,2.192e-10,3.65334e-11,0,0,3.32122e-12,9.96365e-11,9.63153e-11,1.46134e-10,1.69382e-10,1.66061e-10,0,7.30668e-11,2.32485e-11,0,0,0,0,0,0,0,0,0,0,0,0,0,0,0,0,0,0,0
0,0,0,0,0,0,0,0,0,0,0,0,0,0,0,0,0,1.09476e-09,7.97607e-09,6.30006e-08,1.63775e-08,1.67869e-08,1.63344e-08,1.67438e-08,8.86616e-08,7.32892e-08,6.22133e-08,5.98521e-08,6.05087e-08,5.73255e-08,5.4699e-08,3.73132e-08,7.89034e-09,7.30184e-09,7.05954e-09,6.6767e-09,5.72946e-09,5.97303e-09,5.60759e-09,5.08165e-09,4.3457e-09,3.83173e-09,4.0646e-09,3.66343e-09,3.14384e-09,2.92821e-09,1.97771e-09,1.22054e-09,1.34241e-09,1.49276e-09,1.80596e-09,1.32954e-09,1.49874e-09,1.83951e-09,1.10121e-09,1.02504e-09,1.04172e-09,9.51767e-10,2.29055e-10,2.90536e-10,3.59089e-10,1.07727e-10,1.79544e-10,3.5256e-10,3.5256e-10,2.02396e-10,4.08056e-10,1.86073e-10,6.52889e-12,2.57891e-10,1.92602e-10,1.20784e-10,1.10991e-10,2.02396e-10,0,0,0,7.50822e-11,1.63222e-10,6.20245e-11,0,0,0,0,0,0,0,0,0,0,0,0,0,0,0,0,0,0,0,0
0,0,0,0,0,0,0,0,0,0,0,0,0,0,0,0,1.15324e-09,2.38336e-09,8.76461e-09,5.92551e-08,1.41742e-08,1.45555e-08,1.14622e-08,1.26275e-08,7.83318e-08,7.08347e-08,7.60273e-08,6.42226e-08,4.91535e-08,5.28882e-08,4.2473e-08,3.99954e-08,5.16814e-09,5.59109e-09,7.03558e-09,6.3983e-09,6.88205e-09,5.15601e-09,5.17955e-09,4.22684e-09,4.02677e-09,4.17121e-09,4.1482e-09,4.10559e-09,2.29485e-09,2.49581e-09,2.28094e-09,2.60297e-09,2.53985e-09,2.2788e-09,1.8102e-09,1.52134e-09,1.80378e-09,1.5085e-09,1.38654e-09,1.15866e-09,8.63377e-10,8.92263e-10,9.88551e-10,8.76215e-10,3.17748e-10,8.08814e-10,5.07114e-10,7.44623e-10,2.63186e-10,4.6218e-10,2.08623e-10,0,2.02204e-10,2.15042e-10,1.89365e-10,3.49844e-10,6.38706e-10,3.17748e-10,3.72311e-10,1.63689e-10,1.5406e-10,2.88862e-11,0,0,0,9.62874e-11,9.62874e-12,0,0,0,0,0,0,0,0,0,0,0,0,0,0,0,0,0
0,0,0,0,0,0,0,0,0,0,0,0,0,0,0,0,1.43662e-09,9.82953e-10,4.08304e-09,5.12354e-08,1.12728e-08,1.50443e-08,1.54193e-08,1.3544e-08,8.62562e-08,6.88818e-08,5.90782e-08,5.75581e-08,5.27015e-08,3.67588e-08,3.6208e-08,3.06954e-08,5.11305e-09,5.23703e-09,3.73102e-09,2.74934e-09,3.25543e-09,3.33049e-09,3.00221e-09,3.36609e-09,3.00467e-09,2.86578e-09,2.34407e-09,2.88349e-09,2.64938e-09,3.42799e-09,2.72408e-09,2.1275e-09,1.28471e-09,1.83394e-09,2.22535e-09,1.49304e-09,1.40781e-09,8.77515e-10,1.31943e-09,9.31176e-10,8.90141e-10,4.98732e-10,1.10163e-09,1.12688e-09,9.40646e-10,7.19689e-10,5.17671e-10,5.90271e-10,3.94566e-10,3.25123e-10,2.24114e-10,2.96714e-10,3.0934e-10,2.24114e-10,1.32574e-10,1.42044e-10,0,9.46959e-12,0,0,3.78784e-11,1.51513e-10,1.38887e-10,1.51513e-10,2.33583e-10,1.01009e-10,1.73609e-10,2.20957e-11,3.78784e-11,0,0,0,0,0,0,0,0,0,0,0,0,0,0,0
0,0,0,0,0,0,0,0,0,0,0,0,0,0,0,1.33888e-09,2.30585e-09,3.19844e-09,3.57035e-09,5.12164e-08,1.48201e-08,1.33443e-08,1.29753e-08,1.0782e-08,7.04918e-08,5.35984e-08,5.76687e-08,5.0312e-08,4.52262e-08,3.56275e-08,2.57186e-08,2.37765e-08,4.26086e-09,4.24119e-09,4.17098e-09,3.20888e-09,2.9446e-09,2.62114e-09,2.76035e-09,2.45277e-09,3.37449e-09,3.14505e-09,2.53471e-09,2.67513e-09,2.21884e-09,1.66335e-09,1.69924e-09,2.31355e-09,2.44914e-09,2.3132e-09,2.28405e-09,2.12689e-09,1.08924e-09,9.99185e-10,6.11725e-10,5.27885e-10,8.81878e-10,4.71991e-10,4.62675e-10,2.29785e-10,6.05515e-10,2.76363e-10,2.45311e-10,2.67048e-10,6.83145e-11,4.34728e-11,0,0,0,0,0,0,0,4.34728e-11,0,0,0,0,0,0,0,0,2.48416e-11,1.24208e-10,1.14893e-10,0,0,0,0,0,0,0,0,0,0,0,0,0,0,0
0,0,0,0,0,0,0,0,0,0,0,0,0,0,0,0,2.19577e-10,1.68342e-09,1.12716e-08,5.18689e-08,1.34938e-08,1.27475e-08,8.39077e-09,1.05691e-08,7.48344e-08,5.61965e-08,6.27538e-08,5.37564e-08,3.33174e-08,3.61178e-08,2.97742e-08,2.51239e-08,3.6174e-09,2.69938e-09,3.79716e-09,2.89324e-09,2.47192e-09,2.73537e-09,2.31727e-09,1.02665e-09,1.31998e-09,1.24665e-09,1.42998e-09,2.48074e-09,1.18724e-09,1.97726e-09,1.04804e-09,1.06638e-09,5.34716e-10,6.17555e-10,2.81617e-10,3.06231e-10,7.20424e-10,7.95114e-10,4.54933e-10,8.79481e-10,5.1859e-10,4.64439e-10,4.4305e-10,5.13327e-10,4.52217e-10,2.50553e-10,1.89442e-10,4.27773e-10,2.26109e-10,4.27773e-11,4.88883e-11,2.44442e-11,2.13886e-11,1.80276e-10,6.41659e-11,1.03888e-10,1.46665e-10,1.13054e-10,1.4972e-10,4.58328e-11,1.46665e-10,1.55832e-10,1.40554e-10,3.36107e-11,0,0,0,0,0,0,0,0,0,0,0,0,0,0,0,0,0,0,0,0
0,0,0,0,0,0,0,0,0,0,0,0,0,0,0,0,0,4.61053e-09,1.05898e-08,4.77702e-08,1.07998e-08,1.47504e-08,1.25269e-08,9.70787e-09,5.61889e-08,4.45129e-08,4.51739e-08,5.03118e-08,3.44773e-08,3.619e-08,2.96078e-08,2.85782e-08,4.65529e-09,4.75905e-09,3.7504e-09,3.59034e-09,2.99337e-09,2.9917e-09,2.93506e-09,2.62162e-09,2.38554e-09,1.65324e-09,1.76468e-09,1.60629e-09,1.3672e-09,1.2322e-09,1.72508e-09,1.59242e-09,1.06896e-09,1.32777e-09,9.17759e-10,1.32576e-09,1.19611e-09,1.01901e-09,1.09887e-09,1.07047e-09,7.8961e-10,1.015e-09,5.16605e-10,6.45422e-10,2.6933e-10,3.43011e-10,3.34824e-10,2.34912e-10,7.42828e-10,6.22031e-10,7.60873e-10,1.10973e-09,4.75169e-10,1.56385e-10,3.27807e-10,2.04503e-10,1.20296e-10,0,0,9.92443e-11,3.1277e-10,1.20296e-10,1.71422e-10,1.20296e-11,0,0,0,0,0,0,0,0,0,0,0,0,0,0,0,0,0,0,0,0
0,0,0,0,0,0,0,0,0,0,0,0,0,0,0,2.12768e-10,4.25536e-10,1.77307e-09,8.72349e-09,4.64819e-08,7.40744e-09,7.05564e-09,8.11105e-09,8.8342e-09,6.31882e-08,4.98434e-08,5.75955e-08,5.02516e-08,3.5199e-08,3.70409e-08,2.61394e-08,2.07064e-08,4.55959e-09,4.26829e-09,4.14196e-09,3.82499e-09,2.81093e-09,2.27338e-09,2.68049e-09,2.02172e-09,2.36961e-09,2.64611e-09,1.81479e-09,1.74406e-09,1.40719e-09,1.25339e-09,1.28185e-09,1.61839e-09,2.37684e-09,1.36245e-09,1.31179e-09,1.31277e-09,6.9973e-10,7.22594e-10,7.34272e-10,5.09253e-10,4.02665e-10,3.71577e-10,4.9741e-10,3.78979e-10,2.39823e-10,6.0515e-10,6.90025e-10,7.41345e-10,4.10561e-10,2.04294e-10,3.37528e-10,2.81274e-10,2.01333e-10,2.54627e-10,5.62547e-11,5.62547e-11,2.43113e-10,3.0496e-10,3.31607e-10,2.57587e-10,4.05626e-10,1.59882e-10,1.36196e-10,2.51666e-10,1.18431e-10,1.30274e-10,1.95411e-10,0,2.96078e-12,0,0,0,0,0,0,0,0,0,0,0,0,0,0,0
0,0,0,0,0,0,0,0,0,0,0,0,0,0,0,1.11744e-09,1.67616e-09,1.11744e-09,5.83939e-09,4.01735e-08,1.24716e-08,1.14708e-08,1.0393e-08,1.11051e-08,5.92096e-08,5.20497e-08,4.41441e-08,4.03087e-08,3.12807e-08,2.1639e-08,1.61608e-08,2.0334e-08,3.49577e-09,4.27472e-09,4.10707e-09,4.24329e-09,3.9033e-09,3.22592e-09,4.35052e-09,3.28893e-09,2.82211e-09,2.70938e-09,2.71262e-09,2.54918e-09,1.88638e-09,2.74517e-09,2.0673e-09,1.91051e-09,1.01737e-09,1.37291e-09,1.07374e-09,8.80503e-10,8.60094e-10,7.81374e-10,5.3355e-10,7.69711e-10,7.02653e-10,9.1549e-10,6.18101e-10,3.61531e-10,4.639e-10,3.38206e-10,2.12351e-10,0,0,2.15428e-11,9.23265e-11,1.10792e-10,1.32335e-10,1.20024e-10,1.29257e-10,3.29298e-10,1.508e-10,1.13869e-10,1.47722e-10,1.13869e-10,0,0,0,0,0,0,3.49869e-11,1.34116e-10,1.37032e-10,0,0,0,0,0,0,0,0,0,0,0,0,0,0,0
0,0,0,0,0,0,0,0,0,0,0,0,0,0,0,1.10063e-09,3.37069e-09,1.58216e-09,7.08534e-09,4.38725e-08,1.06159e-08,8.5306e-09,7.54484e-09,8.89078e-09,5.22081e-08,5.3809e-08,4.64832e-08,3.9366e-08,3.19713e-08,3.26943e-08,2.26295e-08,1.96342e-08,3.33153e-09,2.88673e-09,2.96426e-09,3.43666e-09,3.20086e-09,3.45038e-09,2.30297e-09,3.1321e-09,2.76069e-09,2.58759e-09,2.4097e-09,1.78366e-09,1.91895e-09,2.09429e-09,2.42741e-09,1.89678e-09,1.45134e-09,1.31844e-09,7.082e-10,7.3612e-10,9.91863e-10,1.10211e-09,8.37109e-10,8.15571e-10,1.27776e-09,1.21985e-09,1.07163e-09,1.03478e-09,5.42757e-10,2.06765e-10,1.86662e-10,1.39438e-10,1.9097e-10,2.66752e-10,6.66879e-11,6.66879e-11,0,0,0,0,0,0,0,2.12189e-11,8.48756e-11,0,0,0,0,0,0,0,0,0,0,0,0,0,0,0,0,0,0,0,0,0,0,0
0,0,0,0,0,0,0,0,0,0,0,0,0,0,0,0,2.71082e-10,1.1521e-09,7.86139e-09,4.97285e-08,6.38721e-09,9.09524e-09,8.74039e-09,9.09524e-09,4.48147e-08,4.60886e-08,3.90108e-08,3.98493e-08,3.92784e-08,3.54625e-08,2.46366e-08,2.14143e-08,4.57338e-09,3.11933e-09,2.78973e-09,2.36174e-09,1.73712e-09,2.13604e-09,2.08401e-09,1.9119e-09,1.90986e-09,1.08641e-09,1.47118e-09,1.85343e-09,1.45027e-09,8.93708e-10,1.08751e-09,1.25537e-09,1.21828e-09,8.31309e-10,1.14299e-09,9.87386e-10,5.90985e-10,6.00259e-10,6.35466e-10,5.1837e-10,6.05446e-10,3.8917e-10,2.43781e-10,3.8194e-10,3.28186e-10,1.61264e-10,1.32972e-10,1.41459e-10,7.92172e-11,0,0,0,0,0,0,0,0,7.92172e-11,0,0,0,0,0,0,0,0,0,0,0,0,0,0,0,0,0,0,0,0,0,0,0,0,0,0
0,0,0,0,0,0,0,0,0,0,0,0,0,0,0,0,1.73631e-09,1.13528e-09,7.41272e-09,4.93291e-08,6.62523e-09,8.98086e-09,1.19254e-08,7.63741e-09,4.96717e-08,4.60229e-08,4.39637e-08,4.12879e-08,3.46495e-08,2.34748e-08,2.10868e-08,1.96589e-08,3.139e-09,2.54813e-09,3.05459e-09,2.63316e-09,2.69015e-09,2.62975e-09,1.91605e-09,2.54007e-09,2.49903e-09,1.77309e-09,1.66158e-09,1.29915e-09,1.04267e-09,9.67396e-10,9.56244e-10,1.19337e-09,9.4788e-10,1.08619e-09,1.42507e-09,9.58722e-10,8.47207e-10,6.83496e-10,6.38425e-10,6.09617e-10,1.39394e-10,1.59684e-10,1.39394e-10,0,0,1.84e-10,6.13334e-11,1.11515e-10,4.7394e-11,0,0,7.2485e-11,6.41213e-11,3.62425e-11,2.84364e-10,1.78425e-10,1.4497e-10,2.09091e-10,2.20243e-10,0,0,0,0,0,0,0,0,0,0,0,0,0,0,0,0,0,0,0,0,0,0,0,0,0
0,0,0,0,0,0,0,0,0,0,0,0,0,0,0,0,0,1.05313e-09,2.83027e-09,3.89912e-08,5.60483e-09,9.83113e-09,9.48649e-09,9.17814e-09,5.07103e-08,3.58494e-08,3.97568e-08,2.48482e-08,2.44895e-08,2.44895e-08,2.15704e-08,1.45663e-08,2.75342e-09,2.75662e-09,2.19226e-09,1.9526e-09,2.04968e-09,2.15028e-09,1.7259e-09,1.40961e-09,1.18154e-09,8.22041e-10,7.8403e-10,5.52607e-10,8.73944e-10,6.04509e-10,4.97346e-10,8.7318e-10,9.96219e-10,5.02842e-10,4.47887e-10,4.23157e-10,1.81353e-10,1.81353e-10,1.75857e-10,1.32351e-10,5.66193e-10,5.63446e-10,4.73685e-10,4.81928e-10,1.47922e-10,9.09817e-11,5.49554e-11,0,1.09911e-10,3.02255e-11,1.86848e-10,1.67614e-10,8.79286e-11,1.37389e-10,0,0,0,0,0,0,0,0,0,0,0,0,0,0,0,0,0,0,0,0,0,0,0,0,0,0,0,0,0,0
0,0,0,0,0,0,0,0,0,0,0,0,0,0,0,0,0,1.9466e-10,7.8585e-10,2.90729e-08,7.77838e-09,5.82931e-09,7.76049e-09,9.6738e-09,4.50619e-08,3.54311e-08,3.10919e-08,3.05922e-08,2.64046e-08,2.41926e-08,1.70047e-08,8.93625e-09,1.73995e-09,2.52685e-09,2.23114e-09,1.741e-09,3.00601e-09,2.279e-09,1.81248e-09,2.28803e-09,2.37847e-09,3.03054e-09,2.04785e-09,2.26019e-09,1.16207e-09,9.47777e-10,1.16779e-09,9.53496e-10,3.76522e-10,4.74039e-10,1.73363e-10,2.68171e-10,4.14446e-10,3.00676e-10,2.465e-10,2.27539e-10,1.08352e-10,1.89616e-10,1.02934e-10,2.90292e-10,2.58991e-10,3.11361e-10,4.07824e-10,4.47854e-10,2.6787e-10,2.8638e-10,3.65085e-10,2.55229e-10,4.13242e-10,2.33558e-10,1.2024e-10,1.13769e-10,1.40857e-10,7.04287e-11,0,0,0,0,0,0,0,0,0,0,0,0,0,0,0,0,0,0,0,0,0,0,0,0,0,0
0,0,0,0,0,0,0,0,0,0,0,0,0,0,0,0,1.40754e-09,2.43121e-09,2.93949e-09,3.04008e-08,4.44307e-09,6.73513e-09,7.33459e-09,8.95667e-09,4.40083e-08,3.82409e-08,4.24286e-08,2.55372e-08,2.45694e-08,2.23528e-08,2.06397e-08,1.47548e-08,3.40378e-09,2.539e-09,2.86218e-09,2.86945e-09,2.99824e-09,2.12738e-09,1.72556e-09,1.8456e-09,2.01238e-09,2.02767e-09,1.71443e-09,1.21897e-09,1.34614e-09,1.43428e-09,1.05234e-09,1.18588e-09,1.31409e-09,1.39421e-09,1.09774e-09,6.73069e-10,6.24993e-10,3.28522e-10,3.65915e-10,1.57584e-10,2.83116e-10,4.27345e-10,0,3.47218e-11,1.33545e-10,1.54913e-10,5.34182e-11,8.01273e-11,4.80764e-11,1.01643e-10,6.54373e-11,0,0,0,6.67727e-11,1.14849e-10,1.25533e-10,2.6442e-10,1.36216e-10,1.65596e-10,1.38887e-10,2.67091e-12,0,0,0,0,0,0,0,0,0,0,0,0,0,0,0,0,0,0,0,0,0,0
0,0,0,0,0,0,0,0,0,0,0,0,0,0,0,0,0,1.00955e-09,3.43877e-09,3.28348e-08,8.50275e-09,6.90305e-09,1.00677e-08,5.00776e-09,4.73102e-08,3.59484e-08,3.29764e-08,2.76956e-08,2.83026e-08,2.34147e-08,2.47078e-08,1.76023e-08,2.36349e-09,2.37183e-09,2.36935e-09,1.87868e-09,2.26779e-09,2.25096e-09,2.28637e-09,2.28579e-09,1.60795e-09,1.12826e-09,1.3302e-09,1.20567e-09,1.36269e-09,1.45649e-09,1.28191e-09,1.00621e-09,8.27098e-10,7.82319e-10,7.58612e-10,6.26908e-10,6.05836e-10,9.87776e-10,7.29637e-10,4.08281e-10,2.92382e-10,3.55599e-10,2.76577e-10,2.21262e-10,1.23801e-10,3.6877e-11,1.47508e-10,5.00473e-11,1.34338e-10,1.31703e-10,2.1336e-10,2.34432e-10,3.00284e-10,1.26435e-10,8.69243e-11,0,0,7.90221e-12,0,0,0,0,0,0,0,0,0,0,0,0,0,0,0,0,0,0,0,0,0,0,0,0,0,0
0,0,0,0,0,0,0,0,0,0,0,0,0,0,0,0,0,1.86715e-10,2.61401e-09,2.86365e-08,8.95307e-09,7.80392e-09,7.11786e-09,7.42659e-09,4.80994e-08,3.57483e-08,3.67971e-08,2.83969e-08,2.356e-08,1.87421e-08,1.52757e-08,1.56011e-08,3.13174e-09,3.57776e-09,2.7905e-09,3.30495e-09,2.24227e-09,2.82168e-09,2.68571e-09,1.97206e-09,1.68365e-09,1.40045e-09,1.85355e-09,1.06715e-09,1.34733e-09,1.63977e-09,9.87617e-10,7.73696e-10,1.00349e-09,7.58539e-10,1.10309e-09,5.50825e-10,5.22245e-10,4.20914e-10,2.59823e-10,3.58556e-10,6.85933e-10,3.55958e-10,0,5.19646e-11,0,0,0,0,0,8.31434e-11,5.19646e-11,2.85805e-11,0,0,0,0,0,0,0,0,0,0,0,0,0,0,0,0,0,0,0,0,0,0,0,0,0,0,0,0,0,0,0,0
0,0,0,0,0,0,0,0,0,0,0,0,0,0,0,0,0,3.07014e-10,5.21924e-09,2.11499e-08,4.298e-09,5.21175e-09,4.58566e-09,5.80399e-09,3.24497e-08,3.13775e-08,2.82428e-08,2.82001e-08,2.44679e-08,2.23713e-08,1.62966e-08,1.13487e-08,2.02633e-09,1.74565e-09,2.1404e-09,2.99913e-09,3.0222e-09,2.28651e-09,2.13015e-09,2.16091e-09,2.09426e-09,1.58159e-09,1.86612e-09,1.45086e-09,1.26373e-09,8.40781e-10,1.18427e-09,1.36541e-09,1.00996e-09,7.4024e-10,3.66417e-10,2.10195e-10,3.07603e-10,2.89659e-10,2.25575e-10,2.35829e-10,1.40985e-10,3.92193e-10,6.38276e-10,7.58753e-10,4.87038e-10,2.40955e-10,4.15264e-10,3.38363e-10,2.69152e-10,1.61491e-10,1.07661e-10,7.43373e-11,0,0,0,0,0,0,0,0,0,0,0,0,0,0,0,0,0,0,0,0,0,0,0,0,0,0,0,0,0,0,0,0
0,0,0,0,0,0,0,0,0,0,0,0,0,0,0,0,3.63537e-10,1.33297e-09,3.21125e-09,1.66924e-08,5.71042e-09,7.24655e-09,7.5471e-09,1.81999e-09,3.03874e-08,2.99982e-08,2.74745e-08,2.56718e-08,2.06615e-08,2.00145e-08,1.91031e-08,1.52973e-08,2.44565e-09,2.78825e-09,2.8283e-09,1.79026e-09,1.87007e-09,1.95129e-09,1.36335e-09,1.15341e-09,8.42292e-10,1.05729e-09,8.42292e-10,8.62527e-10,6.14645e-10,8.11939e-10,1.17364e-09,1.24953e-09,1.55052e-09,1.04717e-09,1.0067e-09,6.39939e-10,4.40116e-10,4.88175e-10,3.06058e-10,1.97294e-10,1.87176e-10,3.8194e-10,2.02352e-11,1.03706e-10,1.18882e-10,1.94764e-10,2.78234e-11,0,6.82939e-11,0,0,0,0,0,0,0,0,0,0,0,0,0,0,0,0,0,0,0,0,0,0,0,0,0,0,0,0,0,0,0,0,0,0,0
0,0,0,0,0,0,0,0,0,0,0,0,0,0,0,0,0,1.01656e-09,3.82704e-09,3.40913e-08,6.85521e-09,3.57591e-09,4.46577e-09,5.38859e-09,3.5246e-08,2.92852e-08,2.07455e-08,1.50907e-08,2.50603e-08,2.01852e-08,1.40482e-08,1.1338e-08,2.21911e-09,2.30357e-09,1.9753e-09,2.07238e-09,2.28484e-09,1.86754e-09,1.41751e-09,1.37618e-09,1.11073e-09,1.03737e-09,1.20074e-09,1.21821e-09,8.68726e-10,9.1366e-10,8.73719e-10,7.78858e-10,5.96625e-10,4.14392e-10,4.16889e-10,5.34217e-10,5.66669e-10,5.74158e-10,2.5213e-10,2.49634e-11,9.98536e-11,2.49634e-11,6.24085e-11,1.12335e-10,0,0,0,0,0,0,0,0,0,0,0,0,0,0,0,0,0,0,0,0,0,0,0,0,0,0,0,0,0,0,0,0,0,0,0,0,0,0,0,0
0,0,0,0,0,0,0,0,0,0,0,0,0,0,4.13182e-10,1.88883e-09,1.71175e-09,2.51188e-09,4.49909e-09,2.62961e-08,4.11536e-09,6.18117e-09,3.8063e-09,3.25325e-09,3.43103e-08,2.89976e-08,2.57479e-08,2.42511e-08,1.84657e-08,1.73004e-08,1.2636e-08,1.44758e-08,3.60256e-09,3.09399e-09,2.29944e-09,1.84317e-09,1.65056e-09,1.32324e-09,2.08849e-09,1.84919e-09,1.34541e-09,1.46369e-09,8.99681e-10,3.49906e-10,2.95696e-10,4.21366e-10,4.43543e-10,2.75982e-10,4.33687e-10,5.02682e-10,4.1151e-10,6.16032e-10,5.39644e-10,2.09451e-10,4.75577e-10,4.01653e-10,3.00624e-10,4.21366e-10,4.38615e-10,1.05958e-10,1.99594e-10,1.89738e-10,1.18278e-10,3.69619e-11,0,8.37804e-11,1.08422e-10,8.13163e-11,1.9713e-11,0,0,0,0,0,0,0,0,0,0,0,0,0,0,0,0,0,0,0,0,0,0,0,0,0,0,0,0,0,0,0
0,0,0,0,0,0,0,0,0,0,0,0,0,0,0,0,0,5.37416e-10,2.1529e-09,2.60485e-08,4.33594e-09,6.66449e-09,4.35199e-09,3.17969e-09,2.60049e-08,2.63435e-08,1.8864e-08,1.84573e-08,2.02931e-08,1.65469e-08,1.37308e-08,9.01234e-09,1.19299e-09,1.66981e-09,1.70278e-09,1.47938e-09,1.57006e-09,1.48019e-09,1.06257e-09,1.14366e-09,7.78206e-10,1.07811e-09,8.53351e-10,1.07162e-09,7.52122e-10,6.27241e-10,6.54407e-10,7.95506e-10,4.81682e-10,7.49284e-10,4.96279e-10,4.67086e-10,3.52747e-10,2.79765e-10,2.96794e-10,2.23812e-10,5.0601e-10,2.60303e-10,2.65169e-10,2.67601e-10,1.97052e-10,1.11906e-10,4.86548e-12,5.10875e-11,1.58128e-10,2.23812e-10,3.64911e-11,0,0,0,0,0,0,0,0,0,0,0,0,0,0,0,0,0,0,0,0,0,0,0,0,0,0,0,0,0,0,0,0,0
0,0,0,0,0,0,0,0,0,0,0,0,0,0,0,0,0,0,3.54836e-10,2.53884e-08,4.85225e-09,4.29725e-09,2.85426e-09,5.13767e-09,2.98216e-08,2.39418e-08,2.05387e-08,1.611e-08,1.31613e-08,1.04253e-08,9.49576e-09,8.20779e-09,1.34186e-09,1.52296e-09,1.48212e-09,1.42927e-09,1.29715e-09,9.72866e-10,1.21028e-09,9.73533e-10,1.10592e-09,1.11673e-09,1.61544e-09,1.37603e-09,9.57653e-10,9.95953e-10,1.0911e-09,6.9662e-10,4.32385e-10,6.10143e-10,2.93061e-10,4.90036e-10,6.9662e-10,5.78915e-10,7.95108e-10,4.01157e-10,4.70819e-10,3.65125e-10,2.3541e-10,0,0,1.20107e-11,4.56406e-11,0,1.39324e-10,1.03292e-10,4.08364e-11,0,0,0,0,0,0,0,0,0,0,0,0,0,0,0,0,0,0,0,0,0,0,0,0,0,0,0,0,0,0,0,0,0
0,0,0,0,0,0,0,0,0,0,0,0,0,0,0,0,0,6.59816e-10,6.78442e-09,2.15403e-08,3.66445e-09,3.96199e-09,5.63761e-09,2.81881e-09,2.01808e-08,1.61042e-08,1.64866e-08,1.26739e-08,1.1206e-08,1.20987e-08,1.29598e-08,1.22488e-08,1.82206e-09,1.78028e-09,1.73441e-09,1.14345e-09,1.24546e-09,9.22824e-10,7.78114e-10,1.38885e-09,1.16954e-09,9.63021e-10,8.38607e-10,9.0859e-10,7.16434e-10,7.44902e-10,8.23056e-10,6.47637e-10,5.78841e-10,6.97456e-10,5.50373e-10,3.86685e-10,5.71724e-10,2.11135e-10,3.27377e-10,3.53472e-10,3.70079e-10,2.46719e-10,2.94165e-10,1.42338e-11,8.7775e-11,1.11498e-10,8.7775e-11,1.11498e-10,6.87967e-11,0,0,0,0,0,0,0,0,0,0,0,0,0,0,0,0,0,0,0,0,0,0,0,0,0,0,0,0,0,0,0,0,0,0,0
0,0,0,0,0,0,0,0,0,0,0,0,0,0,0,0,0,0,3.36774e-09,1.85257e-08,3.372e-09,3.34106e-09,3.34106e-09,4.48569e-09,2.72014e-08,1.7859e-08,1.2356e-08,1.17115e-08,1.36342e-08,1.44442e-08,1.22733e-08,7.94394e-09,1.12929e-09,1.91439e-09,2.70118e-09,1.65638e-09,1.49391e-09,1.66718e-09,1.26532e-09,1.06381e-09,8.47584e-10,8.90022e-10,5.6549e-10,5.94389e-10,4.3349e-10,3.60851e-10,3.21277e-10,4.10058e-10,4.32188e-10,5.04827e-10,7.07644e-10,4.56401e-10,6.12093e-10,4.39739e-10,7.37194e-10,5.27218e-10,5.62366e-10,2.48378e-10,2.15574e-10,2.7181e-10,1.54651e-10,1.33562e-10,0,7.73253e-11,1.6168e-10,5.38934e-11,0,0,0,0,0,0,0,0,0,0,0,0,0,0,0,0,0,0,0,0,0,0,0,0,0,0,0,0,0,0,0,0,0,0
0,0,0,0,0,0,0,0,0,0,0,0,0,0,0,0,0,1.16442e-09,1.99615e-09,2.31621e-08,2.47543e-09,3.86594e-09,2.76575e-09,3.59089e-09,2.1275e-08,1.94557e-08,1.81298e-08,1.45004e-08,1.56907e-08,8.69872e-09,1.25485e-08,6.83779e-09,1.3076e-09,1.37614e-09,1.15649e-09,8.34867e-10,7.40732e-10,7.94487e-10,1.17977e-09,8.38982e-10,6.59972e-10,6.96751e-10,7.01381e-10,7.39703e-10,7.01252e-10,1.03548e-09,8.93122e-10,5.05653e-10,5.63008e-10,6.89807e-10,6.59715e-10,4.25921e-10,6.18048e-10,5.06939e-10,4.19748e-10,4.19362e-10,2.20934e-10,2.07174e-10,2.2222e-10,3.21756e-10,1.94442e-10,1.80553e-10,7.6388e-11,5.55549e-11,2.77775e-11,0,0,0,0,0,0,0,0,4.62958e-11,0,0,0,0,0,0,0,0,0,0,0,0,0,0,0,0,0,0,0,0,0,0,0,0,0,0
0,0,0,0,0,0,0,0,0,0,0,0,0,0,0,0,0,1.4244e-09,2.35574e-09,1.74885e-08,3.27614e-09,2.44578e-09,3.53279e-09,2.98929e-09,2.6949e-08,2.82788e-08,2.32412e-08,1.5684e-08,1.48249e-08,1.49132e-08,1.08612e-08,7.96998e-09,9.04281e-10,8.75946e-10,1.02003e-09,7.34148e-10,9.42652e-10,6.45842e-10,7.31861e-10,8.40751e-10,9.16732e-10,6.73795e-10,5.03155e-10,4.61479e-10,6.18016e-10,3.77874e-10,4.65164e-10,5.40383e-10,6.36186e-10,3.71394e-10,1.69243e-10,2.53864e-10,2.17271e-10,4.04811e-10,2.85883e-10,3.29338e-10,2.08123e-10,1.87539e-10,1.39511e-10,3.65931e-11,3.20189e-11,1.07492e-10,1.18927e-10,8.91956e-11,0,0,0,0,0,0,1.25789e-10,6.17508e-11,2.74448e-10,1.98975e-10,3.65931e-11,0,0,0,0,0,0,0,0,0,0,0,0,0,0,0,0,0,0,0,0,0,0,0,0,0
0,0,0,0,0,0,0,0,0,0,0,0,0,0,0,0,3.42863e-10,2.49027e-09,4.42113e-10,1.54168e-08,2.96883e-09,3.77444e-09,2.95391e-09,4.02806e-09,2.82031e-08,2.36827e-08,2.64419e-08,1.98307e-08,1.43273e-08,1.32676e-08,1.34723e-08,8.98807e-09,8.77382e-10,6.07312e-10,8.0908e-10,8.2942e-10,8.29043e-10,9.7067e-10,6.49248e-10,3.6273e-10,1.5142e-10,3.4126e-10,5.7856e-10,6.9382e-10,6.5766e-10,8.3846e-10,3.5708e-10,4.8816e-10,3.5934e-10,3.4352e-10,4.2488e-10,2.4634e-10,9.6954e-10,4.5652e-10,3.2318e-10,2.147e-10,1.921e-10,7.006e-11,9.718e-11,6.554e-11,2.486e-11,7.684e-11,0,1.6046e-10,1.0848e-10,9.944e-11,1.0622e-10,0,1.582e-10,1.0622e-10,1.5594e-10,4.972e-11,0,0,0,0,0,0,0,0,0,0,0,0,0,0,0,0,0,0,0,0,0,0,0,0,0,0,0,0
0,0,0,0,0,0,0,0,0,0,0,0,0,0,0,0,0,2.19957e-10,1.24841e-09,1.86429e-08,1.32698e-09,3.73029e-09,3.74504e-09,2.91936e-09,1.49066e-08,1.39738e-08,1.47593e-08,1.51059e-08,1.11844e-08,8.50805e-09,8.22093e-09,6.5339e-09,1.17126e-09,1.53148e-09,1.22524e-09,8.13391e-10,6.29866e-10,7.50479e-10,7.95895e-10,9.34748e-10,1.12224e-09,1.24856e-09,8.59923e-10,8.44288e-10,8.42055e-10,9.06828e-10,7.59413e-10,5.18188e-10,5.27122e-10,5.31589e-10,6.321e-10,8.30887e-10,4.95852e-10,5.3829e-10,2.52393e-10,4.64582e-10,3.52904e-10,2.47926e-10,3.77473e-10,3.37269e-10,2.97064e-10,3.10466e-10,8.04084e-11,2.23357e-11,2.05488e-10,1.20613e-10,1.80919e-10,1.80919e-10,1.11678e-10,8.48756e-11,0,0,0,0,0,0,0,0,0,0,0,0,0,0,0,0,0,0,0,0,0,0,0,0,0,0,0,0,0,0
0,0,0,0,0,0,0,0,0,0,0,0,0,0,0,0,0,0,1.58654e-10,1.3274e-08,3.17709e-09,2.92933e-09,3.68717e-09,1.85087e-09,2.16587e-08,1.8709e-08,1.59047e-08,1.54651e-08,1.28579e-08,8.91113e-09,9.77577e-09,6.60541e-09,1.8198e-09,1.89376e-09,1.77184e-09,2.54234e-09,1.98709e-09,1.46643e-09,1.29681e-09,1.85451e-09,1.57658e-09,1.21868e-09,8.91929e-10,1.10608e-09,7.52841e-10,6.0713e-10,3.66486e-10,6.84401e-10,6.18169e-10,3.79732e-10,1.5675e-10,4.5038e-10,1.69996e-10,2.42852e-10,3.17915e-10,3.46616e-10,2.38437e-10,0,0,0,0,7.94789e-11,3.09084e-11,8.83098e-11,0,0,0,0,3.75317e-11,4.85704e-11,8.61021e-11,8.83098e-11,1.34672e-10,0,0,0,0,0,0,0,0,0,0,0,0,0,0,0,0,0,0,0,0,0,0,0,0,0,0,0
0,0,0,0,0,0,0,0,0,0,0,0,0,0,0,0,0,0,0,1.65321e-08,3.14078e-09,4.1781e-09,3.90436e-09,2.85263e-09,1.89283e-08,1.40687e-08,1.41283e-08,1.27458e-08,1.28054e-08,1.29319e-08,7.01254e-09,5.96589e-09,1.63689e-09,1.39026e-09,1.21784e-09,1.06288e-09,1.31169e-09,1.21348e-09,1.13054e-09,8.68641e-10,1.13054e-09,1.27677e-09,1.10872e-09,1.35971e-09,1.16328e-09,8.81736e-10,7.59515e-10,8.2499e-10,6.37294e-10,3.23012e-10,4.12495e-10,1.26586e-10,4.23408e-10,1.22221e-10,2.81544e-10,1.96426e-10,6.54754e-11,2.40077e-11,1.02578e-10,1.54959e-10,2.35712e-10,2.66267e-10,1.94244e-10,0,0,0,0,0,0,0,0,0,1.74601e-11,3.49202e-11,0,0,0,0,0,0,0,0,0,0,0,0,0,0,0,0,0,0,0,0,0,0,0,0,0,0
0,0,0,0,0,0,0,0,0,0,0,0,0,0,0,0,0,0,1.24055e-09,1.17392e-08,2.57824e-09,3.5896e-09,1.80904e-09,2.564e-09,1.16518e-08,1.38364e-08,1.20097e-08,1.10884e-08,1.08915e-08,9.059e-09,6.46763e-09,6.62285e-09,1.22566e-09,9.73192e-10,1.10051e-09,8.69615e-10,8.00564e-10,7.74669e-10,6.79724e-10,1.16093e-09,1.25803e-09,5.84778e-10,2.78363e-10,4.63938e-10,6.5383e-10,7.55249e-10,6.40882e-10,6.47356e-10,5.28674e-10,5.65358e-10,7.81143e-10,7.91932e-10,5.07096e-10,3.25836e-10,1.4026e-10,1.57523e-10,2.58942e-10,2.52469e-10,2.54627e-10,2.76205e-10,2.45995e-10,1.68313e-10,1.85575e-10,2.37364e-10,8.8472e-11,6.68935e-11,8.19984e-11,9.06298e-11,0,0,0,0,0,0,0,0,0,0,0,0,0,0,0,0,0,0,0,0,0,0,0,0,0,0,0,0,0,0,0,0
0,0,0,0,0,0,0,0,0,0,0,0,0,0,0,0,0,0,1.99336e-09,1.13468e-08,2.53535e-09,2.2959e-09,2.80297e-09,2.02828e-09,1.41679e-08,1.10853e-08,1.03036e-08,1.29485e-08,1.19281e-08,7.5039e-09,3.53309e-09,2.81396e-09,1.04127e-09,9.66586e-10,1.12875e-09,1.03273e-09,1.06901e-09,1.09888e-09,7.89485e-10,7.55345e-10,5.22767e-10,7.93752e-10,5.95314e-10,4.03277e-10,2.11241e-10,2.83788e-10,2.98724e-10,4.99296e-10,3.9901e-10,1.87769e-10,2.4538e-10,2.13374e-10,4.31016e-10,4.99296e-10,5.50506e-10,2.70985e-10,2.53915e-10,4.69424e-10,3.24329e-10,2.60317e-10,3.8194e-10,1.62164e-10,2.09107e-10,2.38979e-10,2.83788e-10,2.09107e-10,1.68566e-10,2.30444e-10,1.04553e-10,6.40123e-11,0,0,0,0,0,0,1.10955e-10,7.68148e-11,7.25473e-11,1.32292e-10,0,0,0,0,0,0,0,0,0,0,0,0,0,0,0,0,0,0,0,0
0,0,0,0,0,0,0,0,0,0,0,0,0,0,0,0,0,0,1.01094e-10,1.29906e-08,3.0088e-09,3.51027e-09,2.00587e-09,2.50734e-09,1.20422e-08,1.39748e-08,1.41631e-08,1.14899e-08,9.10757e-09,5.95084e-09,7.65148e-09,4.01548e-09,8.76539e-10,8.30468e-10,8.43246e-10,1.00854e-09,7.03975e-10,7.77713e-10,7.53798e-10,4.64705e-10,7.15698e-10,6.09721e-10,5.80296e-10,4.60016e-10,5.67635e-10,3.7772e-10,2.67991e-10,3.35516e-10,1.51932e-10,2.72211e-10,2.46889e-10,2.49e-10,2.42669e-10,1.96245e-10,4.51576e-10,4.17813e-10,2.95423e-10,1.2872e-10,7.80761e-11,7.80761e-11,0,1.13949e-10,3.22855e-10,3.73499e-10,1.2239e-10,8.65168e-11,2.78542e-10,1.01288e-10,6.3305e-11,1.94135e-10,1.51932e-10,7.38558e-11,1.11839e-10,2.17347e-10,1.49822e-10,2.02576e-10,1.2239e-10,9.49575e-11,1.2872e-10,1.18169e-10,1.05508e-10,6.3305e-12,0,0,0,0,0,0,0,0,0,0,0,0,0,0,0,0,0,0
0,0,0,0,0,0,0,0,0,0,0,0,0,0,0,0,0,0,5.99936e-10,9.54898e-09,3.96789e-09,2.2595e-09,1.98395e-09,2.74171e-09,1.71709e-08,1.431e-08,1.26099e-08,7.72494e-09,6.00536e-09,5.32975e-09,4.35388e-09,2.88591e-09,7.35588e-10,9.225e-10,9.83374e-10,8.767e-10,7.60749e-10,8.89222e-10,1.08031e-09,9.05803e-10,5.98071e-10,5.33023e-10,6.76686e-10,5.60735e-10,4.68439e-10,5.72098e-10,2.50568e-10,4.14174e-10,2.69236e-10,1.06442e-10,3.48546e-10,2.48365e-10,1.77404e-10,9.80939e-11,1.27313e-10,1.04355e-10,6.26131e-11,0,0,0,0,0,1.02268e-10,0,0,1.87839e-11,8.55713e-11,1.60707e-10,2.75498e-10,1.7323e-10,2.2332e-10,2.73411e-10,1.60707e-10,2.0871e-12,4.17421e-12,3.9655e-11,0,0,0,0,0,0,0,0,0,0,0,0,0,0,0,0,0,0,0,0,0,0,0,0
0,0,0,0,0,0,0,0,0,0,0,0,0,0,0,0,0,0,9.89084e-11,5.74768e-09,2.22144e-09,1.73082e-09,2.22144e-09,1.71719e-09,1.4257e-08,1.48758e-08,1.23759e-08,1.0613e-08,8.87902e-09,6.63211e-09,5.29964e-09,6.55235e-09,1.18092e-09,1.0653e-09,6.9575e-10,8.9452e-10,5.26573e-10,2.60132e-10,3.01423e-10,2.74584e-10,1.96131e-10,4.33554e-10,5.182e-10,6.46201e-10,5.28522e-10,4.464e-10,5.31505e-10,4.80694e-10,3.28262e-10,7.01944e-11,8.67107e-11,8.67107e-11,0,0,1.65163e-11,4.54199e-11,1.89938e-10,1.23872e-10,2.27099e-11,0,0,2.06454e-12,4.33554e-11,5.98717e-11,1.01162e-10,1.09421e-10,0,5.78071e-11,0,0,0,2.6839e-11,9.9098e-11,4.12908e-11,0,0,0,0,0,0,0,0,0,0,0,0,0,0,0,0,0,0,0,0,0,0,0,0,0,0
0,0,0,0,0,0,0,0,0,0,0,0,0,0,0,0,0,0,0,8.1678e-09,7.28066e-10,7.28066e-10,1.69882e-09,2.91226e-09,1.1313e-08,1.19987e-08,8.66843e-09,9.62342e-09,9.40304e-09,6.73803e-09,3.52614e-09,4.87293e-09,3.63558e-10,4.33002e-10,4.37086e-10,9.08895e-10,7.78177e-10,9.06852e-10,6.71969e-10,5.2287e-10,3.77855e-10,4.18704e-10,4.02365e-10,5.08573e-10,1.45015e-10,4.39129e-10,2.36925e-10,3.8194e-10,2.87987e-10,1.71567e-10,3.12496e-10,1.83821e-10,1.89949e-10,2.14458e-10,1.45015e-10,7.5571e-11,1.75652e-10,1.26633e-10,7.5571e-11,1.67482e-10,7.14861e-11,9.59956e-11,2.59392e-10,3.47218e-11,0,0,0,0,0,0,0,0,0,0,0,0,0,0,0,0,0,0,0,0,0,0,0,0,0,0,0,0,0,0,0,0,0,0,0,0
0,0,0,0,0,0,0,0,0,0,0,0,0,0,0,0,0,0,2.90445e-10,7.41442e-09,2.64133e-09,7.20362e-10,1.44072e-09,2.40121e-09,1.22593e-08,1.01031e-08,1.00546e-08,1.1581e-08,7.34107e-09,6.90497e-09,4.65177e-09,4.99096e-09,8.28547e-10,1.36205e-09,8.44714e-10,7.29526e-10,8.87152e-10,8.54818e-10,8.16422e-10,6.56775e-10,5.03191e-10,3.92044e-10,3.5769e-10,3.5769e-10,3.98107e-10,2.91002e-10,2.60689e-10,3.27377e-10,2.66752e-10,2.80898e-10,2.68773e-10,2.16231e-10,1.1923e-10,1.21251e-11,4.24378e-11,2.06126e-10,1.6773e-10,2.26335e-10,3.03127e-11,0,6.87088e-11,9.49798e-11,0,0,0,0,0,0,0,0,0,0,0,0,0,0,0,0,0,0,0,0,0,0,0,0,0,0,0,0,0,0,0,0,0,0,0,0,0,0
0,0,0,0,0,0,0,0,0,0,0,0,0,0,0,0,0,4.79007e-11,2.68244e-09,7.95151e-09,1.43884e-09,9.63625e-10,1.18803e-09,1.66324e-09,9.90403e-09,8.58278e-09,9.73355e-09,5.38888e-09,8.64805e-09,8.42695e-09,5.30364e-09,6.6462e-09,9.75847e-10,9.21855e-10,7.69879e-10,7.33885e-10,9.5385e-10,3.95938e-10,5.47914e-10,7.25886e-10,6.85892e-10,6.399e-10,3.63943e-10,4.15935e-10,4.19934e-10,5.67911e-10,3.03952e-10,3.51945e-10,1.77972e-10,1.47977e-10,1.55976e-10,1.45977e-10,5.39915e-11,1.35979e-10,1.47977e-10,8.59865e-11,0,3.99937e-11,1.35979e-10,2.01968e-10,2.83955e-10,7.79878e-11,1.33979e-10,9.19856e-11,1.09983e-10,1.31979e-10,1.01984e-10,7.59881e-11,1.01984e-10,8.99859e-11,4.59928e-11,0,3.99937e-12,0,0,0,0,0,0,0,0,0,0,0,0,0,0,0,0,0,0,0,0,0,0,0,0,0,0,0
0,0,0,0,0,0,0,0,0,0,0,0,0,0,0,0,0,0,3.08128e-09,7.36083e-09,2.1163e-09,1.89422e-09,7.05432e-10,1.90728e-09,9.0804e-09,8.53602e-09,9.5905e-09,5.79833e-09,6.69068e-09,5.884e-09,2.15641e-09,1.59358e-09,3.22571e-10,1.36549e-10,3.58192e-10,3.36424e-10,5.00678e-10,5.77857e-10,4.0173e-10,1.62275e-10,2.79034e-10,7.32217e-11,7.71796e-11,0,3.76003e-11,1.91959e-10,1.66233e-10,0,9.89482e-12,1.66233e-10,1.1478e-10,1.78107e-10,1.32591e-10,1.1478e-10,2.13728e-10,1.95917e-10,2.03833e-10,2.33518e-10,2.33518e-10,2.2956e-10,2.88929e-10,2.17686e-10,1.97896e-11,0,0,0,0,2.96845e-11,8.50954e-11,0,3.56214e-11,8.70744e-11,1.38527e-11,0,0,0,0,0,0,0,0,0,0,0,0,0,0,0,0,0,0,0,0,0,0,0,0,0,0,0
0,0,0,0,0,0,0,0,0,0,0,0,0,0,0,0,0,0,0,7.45998e-09,1.39639e-09,2.57298e-09,7.11126e-10,1.62913e-09,6.46942e-09,6.75643e-09,5.57709e-09,8.52414e-09,5.47142e-09,2.64308e-09,2.55959e-09,3.33451e-09,9.55829e-10,7.67797e-10,7.30583e-10,5.05336e-10,6.13063e-10,3.38849e-10,5.79765e-10,1.27313e-10,2.03701e-10,2.11536e-10,4.7008e-11,1.91949e-10,4.58328e-10,3.42767e-10,3.19263e-10,6.09145e-10,2.48751e-10,1.72363e-10,2.58544e-10,1.70404e-10,1.68445e-10,9.00987e-11,7.24707e-11,5.2884e-11,7.24707e-11,1.19479e-10,0,3.91733e-12,0,0,0,0,0,0,0,0,0,0,0,0,0,0,0,0,0,0,0,0,0,0,0,0,0,0,0,0,0,0,0,0,0,0,0,0,0,0,0,0
0,0,0,0,0,0,0,0,0,0,0,0,0,0,0,0,0,0,2.78651e-10,6.41154e-09,1.62538e-09,1.39502e-09,9.21478e-10,1.15185e-09,8.64809e-09,7.28185e-09,7.36966e-09,7.11269e-09,5.06333e-09,4.77924e-09,3.39364e-09,2.41738e-09,3.31532e-10,4.65308e-10,2.01633e-10,2.94695e-10,5.2541e-10,3.45103e-10,4.96328e-10,4.43981e-10,4.05205e-10,1.49286e-10,2.92756e-10,3.23777e-10,5.81635e-12,5.81635e-12,1.16327e-11,5.42859e-11,1.5898e-10,1.39592e-10,2.0745e-10,1.4347e-10,3.25715e-10,3.99389e-10,5.42859e-10,3.80001e-10,2.65613e-10,8.9184e-11,1.00817e-10,1.02755e-10,1.39592e-10,6.59186e-11,0,0,0,0,0,0,0,0,0,0,0,0,0,0,0,0,0,0,0,0,0,0,0,0,0,0,0,0,0,0,0,0,0,0,0,0,0,0
0,0,0,0,0,0,0,0,0,0,0,0,0,0,0,0,0,0,8.2755e-10,3.03435e-09,1.8371e-09,2.06516e-09,1.14027e-09,1.381e-09,9.42662e-09,7.93094e-09,1.12662e-08,7.42471e-09,5.12494e-09,4.06007e-09,3.49376e-09,2.25503e-09,7.69638e-10,1.31088e-09,7.44687e-10,4.6447e-10,3.03249e-10,4.12649e-10,6.71754e-10,1.86172e-10,1.20916e-10,2.01526e-10,7.29333e-11,7.48526e-11,0,1.26674e-10,9.59648e-12,7.48526e-11,4.22245e-11,2.07284e-10,1.53544e-10,2.93652e-10,1.99607e-10,1.05561e-10,3.64666e-11,1.22835e-10,8.82876e-11,7.1014e-11,0,0,0,5.37403e-11,1.9193e-12,0,0,5.75789e-12,1.01723e-10,5.94982e-11,1.72737e-11,0,0,4.79824e-11,1.15158e-11,9.59648e-12,0,0,0,0,0,0,0,0,0,0,0,0,0,0,0,0,0,0,0,0,0,0,0,0,0,0
